staging_id,staged_at,date,hour,duration_s,state,n_batches,n_prs,reason,failing_contexts,verdict,indeterministic,cause_kind,culprit_prs,retried_by_human,concurrent_same_context_failures
159545,2026-04-16T18:06:08Z,2026-04-16,18,2127,failed,2,2,,odoo/odoo: ci/runbot,attributed_to_flaky,1,ci_failure,odoo/odoo#251795,0,0
159549,2026-04-16T18:41:42Z,2026-04-16,18,1140,failed,1,1,ci/runbot on c3fa3f5308f620daac482f212b8c2abf58d34a9b (view more at https://runbot.odoo.com/runbot/batch/2478149/build/107679018),odoo/enterprise: ci/runbot,flaky_retry,1,ci_failure,,1,1
159550,2026-04-16T19:01:47Z,2026-04-16,19,3088,failed,16,22,,odoo/enterprise: ci/runbot,no_culprit,1,ci_failure,,0,1
159553,2026-04-16T19:53:42Z,2026-04-16,19,6089,merged,8,12,,,,,,,,
159557,2026-04-16T21:35:36Z,2026-04-16,21,2952,failed,8,10,,odoo/enterprise: ci/runbot,no_culprit,1,ci_failure,,0,0
159560,2026-04-16T22:25:05Z,2026-04-16,22,5472,merged,4,6,,,,,,,,
159562,2026-04-16T23:56:30Z,2026-04-16,23,5700,merged,4,4,,,,,,,,
159566,2026-04-17T01:32:05Z,2026-04-17,01,1672,failed,16,16,,odoo/enterprise: ci/runbot,attributed_to_flaky,1,ci_failure,odoo/odoo#257088,0,0
159567,2026-04-17T02:00:18Z,2026-04-17,02,1319,failed,8,8,,odoo/enterprise: ci/runbot,attributed_to_flaky,1,ci_failure,odoo/odoo#257088,0,0
159568,2026-04-17T02:22:30Z,2026-04-17,02,2347,failed,4,4,,odoo/enterprise: ci/runbot,attributed_to_flaky,1,ci_failure,odoo/odoo#257088,0,0
159569,2026-04-17T03:01:46Z,2026-04-17,03,2404,failed,2,2,,odoo/enterprise: ci/runbot,attributed_to_flaky,1,ci_failure,odoo/odoo#257088,0,0
159570,2026-04-17T03:41:58Z,2026-04-17,03,3820,merged,1,1,,,,,,,,
159572,2026-04-17T04:45:45Z,2026-04-17,04,1439,failed,1,1,ci/runbot on c6df86a126b91d97e3b4e9a827b4378e7ea645cd (view more at https://runbot.odoo.com/runbot/batch/2478358/build/107710913),odoo/enterprise: ci/runbot,flaky_retry,1,ci_failure,,1,2
159577,2026-04-17T05:10:16Z,2026-04-17,05,1081,failed,15,16,,odoo/enterprise: ci/runbot,no_culprit,1,ci_failure,,0,1
159580,2026-04-17T05:28:37Z,2026-04-17,05,2587,failed,8,8,,odoo/enterprise: ci/runbot,no_culprit,1,ci_failure,,0,1
159589,2026-04-17T06:11:56Z,2026-04-17,06,4320,merged,4,4,,,,,,,,
159598,2026-04-17T07:24:08Z,2026-04-17,07,1284,failed,4,4,,odoo/enterprise: ci/runbot,no_culprit,1,ci_failure,,0,0
159603,2026-04-17T07:45:41Z,2026-04-17,07,4914,merged,2,2,,,,,,,,
159610,2026-04-17T09:07:44Z,2026-04-17,09,4181,merged,2,2,,,,,,,,
159619,2026-04-17T10:17:45Z,2026-04-17,10,3032,failed,7,8,,odoo/odoo: ci/runbot,no_culprit,1,ci_failure,,0,0
159624,2026-04-17T11:08:31Z,2026-04-17,11,2708,failed,4,4,,odoo/enterprise: ci/runbot,no_culprit,1,ci_failure,,0,0
159631,2026-04-17T11:53:48Z,2026-04-17,11,4107,merged,2,2,,,,,,,,
159636,2026-04-17T13:02:45Z,2026-04-17,13,5331,merged,2,2,,,,,,,,
159643,2026-04-17T14:31:49Z,2026-04-17,14,4194,merged,3,4,,,,,,,,
159653,2026-04-17T15:43:09Z,2026-04-17,15,4237,merged,16,25,,,,,,,,
159664,2026-04-17T16:55:14Z,2026-04-17,16,2258,failed,16,23,,odoo/enterprise: ci/runbot,attributed_real,0,ci_failure,odoo/enterprise#105742,0,0
159669,2026-04-17T17:33:21Z,2026-04-17,17,3148,killed,8,11,odoo/odoo#243082 unreviewed (r-) by vchu-odoo,,,,,,,
159676,2026-04-17T18:26:17Z,2026-04-17,18,3592,failed,8,12,,odoo/enterprise: ci/runbot,attributed_real,0,ci_failure,odoo/enterprise#105742,0,0
159679,2026-04-17T19:26:23Z,2026-04-17,19,3233,failed,4,4,,odoo/enterprise: ci/runbot,attributed_real,0,ci_failure,odoo/enterprise#105742,0,0
159686,2026-04-17T20:20:25Z,2026-04-17,20,3173,failed,2,2,,odoo/enterprise: ci/runbot,attributed_real,0,ci_failure,odoo/enterprise#105742,0,0
159691,2026-04-17T21:13:24Z,2026-04-17,21,4682,merged,1,1,,,,,,,,
159705,2026-04-17T22:31:33Z,2026-04-17,22,3969,failed,1,1,ci/runbot (view more at https://runbot.odoo.com/runbot/batch/2480576/build/107829065),odoo/enterprise: ci/runbot,fixed,0,ci_failure,,1,0
159713,2026-04-17T23:39:05Z,2026-04-17,23,6510,merged,16,23,,,,,,,,
159722,2026-04-18T01:28:15Z,2026-04-18,01,1521,failed,16,18,,odoo/upgrade-util: ci/runbot,attributed_to_flaky,1,ci_failure,odoo/upgrade#9977,0,0
159725,2026-04-18T01:53:58Z,2026-04-18,01,5002,merged,8,10,,,,,,,,
159732,2026-04-18T03:17:38Z,2026-04-18,03,268,failed,8,8,,odoo/upgrade-util: ci/runbot,attributed_to_flaky,1,ci_failure,odoo/upgrade#9977,0,0
159733,2026-04-18T03:22:18Z,2026-04-18,03,281,failed,4,4,,odoo/upgrade-util: ci/runbot,attributed_to_flaky,1,ci_failure,odoo/upgrade#9977,0,0
159734,2026-04-18T03:27:07Z,2026-04-18,03,293,failed,2,2,,odoo/upgrade-util: ci/runbot,attributed_to_flaky,1,ci_failure,odoo/upgrade#9977,0,0
159736,2026-04-18T03:32:07Z,2026-04-18,03,4578,merged,1,1,,,,,,,,
159741,2026-04-18T04:48:32Z,2026-04-18,04,272,failed,1,1,ci/runbot on 9992191940b2ca3eca84d5cfbb2f4619b473aea1 (view more at https://runbot.odoo.com/runbot/batch/2480669/build/107835708),odoo/upgrade-util: ci/runbot,flaky_retry,1,ci_failure,,1,0
159743,2026-04-18T04:54:01Z,2026-04-18,04,2382,failed,16,20,,odoo/enterprise: ci/l10n,no_culprit,1,ci_failure,,0,0
159746,2026-04-18T05:34:04Z,2026-04-18,05,1517,failed,8,9,,odoo/enterprise: ci/runbot,no_culprit,1,ci_failure,,0,0
159748,2026-04-18T05:59:34Z,2026-04-18,05,1809,failed,4,5,,odoo/enterprise: ci/l10n,no_culprit,1,ci_failure,,0,0
159755,2026-04-18T06:29:53Z,2026-04-18,06,1903,failed,2,3,,odoo/enterprise: ci/l10n,no_culprit,1,ci_failure,,0,0
159760,2026-04-18T07:01:44Z,2026-04-18,07,4013,merged,1,2,,,,,,,,
159767,2026-04-18T08:08:44Z,2026-04-18,08,4047,merged,2,2,,,,,,,,
159772,2026-04-18T09:16:22Z,2026-04-18,09,3880,merged,4,4,,,,,,,,
159777,2026-04-18T10:21:25Z,2026-04-18,10,2677,failed,8,11,,odoo/odoo: ci/runbot,no_culprit,1,ci_failure,,0,0
159782,2026-04-18T11:06:21Z,2026-04-18,11,1415,failed,4,6,,odoo/enterprise: ci/runbot,no_culprit,1,ci_failure,,0,0
159783,2026-04-18T11:30:06Z,2026-04-18,11,3807,merged,2,3,,,,,,,,
159792,2026-04-18T12:33:43Z,2026-04-18,12,3378,merged,2,3,,,,,,,,
159795,2026-04-18T13:30:14Z,2026-04-18,13,3500,merged,4,5,,,,,,,,
159805,2026-04-18T14:29:35Z,2026-04-18,14,1326,failed,16,22,,odoo/enterprise: ci/runbot,attributed_real,0,ci_failure,odoo/enterprise#106196|odoo/odoo#258133,0,0
159808,2026-04-18T14:52:05Z,2026-04-18,14,1311,failed,8,11,,odoo/enterprise: ci/runbot,attributed_real,0,ci_failure,odoo/enterprise#106196|odoo/odoo#258133,0,0
159812,2026-04-18T15:14:13Z,2026-04-18,15,1292,failed,4,6,,odoo/enterprise: ci/runbot,attributed_real,0,ci_failure,odoo/enterprise#106196|odoo/odoo#258133,0,0
159816,2026-04-18T15:35:57Z,2026-04-18,15,1393,failed,2,4,,odoo/enterprise: ci/runbot,attributed_real,0,ci_failure,odoo/enterprise#106196|odoo/odoo#258133,0,1
159818,2026-04-18T15:59:18Z,2026-04-18,15,4337,merged,1,2,,,,,,,,
159826,2026-04-18T17:11:44Z,2026-04-18,17,1233,failed,1,2,ci/runbot (view more at https://runbot.odoo.com/runbot/batch/2480958/build/107841918),odoo/enterprise: ci/runbot,fixed,0,ci_failure,odoo/enterprise#106196|odoo/odoo#258133,1,1
159829,2026-04-18T17:33:10Z,2026-04-18,17,2758,failed,16,20,,odoo/enterprise: ci/runbot,no_culprit,1,ci_failure,,0,2
159831,2026-04-18T18:19:31Z,2026-04-18,18,5635,merged,8,11,,,,,,,,
159838,2026-04-18T19:53:45Z,2026-04-18,19,5321,merged,8,9,,,,,,,,
159841,2026-04-18T21:23:11Z,2026-04-18,21,3159,failed,16,20,,odoo/enterprise: ci/runbot,no_culprit,1,ci_failure,,0,0
159846,2026-04-18T22:16:12Z,2026-04-18,22,5457,merged,8,10,,,,,,,,
159848,2026-04-18T23:47:30Z,2026-04-18,23,6187,merged,8,10,,,,,,,,
159852,2026-04-19T01:31:41Z,2026-04-19,01,4428,merged,16,20,,,,,,,,
159858,2026-04-19T02:46:10Z,2026-04-19,02,4282,merged,16,18,,,,,,,,
159860,2026-04-19T03:58:02Z,2026-04-19,03,3960,merged,15,15,,,,,,,,
159863,2026-04-19T06:23:56Z,2026-04-19,06,1450,failed,1,2,ci/runbot (view more at https://runbot.odoo.com/runbot/batch/2481227/build/107915631),odoo/enterprise: ci/runbot,fixed,0,ci_failure,,1,0
159872,2026-04-19T09:20:10Z,2026-04-19,09,3806,merged,1,2,,,,,,,,
159877,2026-04-19T10:24:00Z,2026-04-19,10,2739,failed,2,2,,odoo/enterprise: ci/runbot,attributed_to_flaky,1,ci_failure,odoo/enterprise#111343,0,0
159879,2026-04-19T11:09:46Z,2026-04-19,11,2803,failed,1,1,ci/runbot (view more at https://runbot.odoo.com/runbot/batch/2481275/build/107916849),odoo/enterprise: ci/runbot,flaky_retry,1,ci_failure,,1,0
159881,2026-04-19T11:57:14Z,2026-04-19,11,4355,merged,4,8,,,,,,,,
159885,2026-04-19T13:10:16Z,2026-04-19,13,4091,merged,1,1,,,,,,,,
159891,2026-04-19T14:19:06Z,2026-04-19,14,4207,merged,2,3,,,,,,,,
159897,2026-04-19T15:46:54Z,2026-04-19,15,4517,merged,1,1,,,,,,,,
159910,2026-04-19T21:38:11Z,2026-04-19,21,2577,failed,1,1,ci/runbot (view more at https://runbot.odoo.com/runbot/batch/2481411/build/107988012),odoo/enterprise: ci/runbot,flaky_retry,1,ci_failure,,1,0
159921,2026-04-20T01:23:15Z,2026-04-20,01,290,merged,1,1,,,,,,,,
159924,2026-04-20T04:37:44Z,2026-04-20,04,4028,merged,1,1,,,,,,,,
159933,2026-04-20T05:48:55Z,2026-04-20,05,4182,merged,1,1,,,,,,,,
159940,2026-04-20T06:59:09Z,2026-04-20,06,4522,merged,6,7,,,,,,,,
159959,2026-04-20T08:15:34Z,2026-04-20,08,4655,merged,9,14,,,,,,,,
159971,2026-04-20T09:34:10Z,2026-04-20,09,4330,merged,12,15,,,,,,,,
159983,2026-04-20T10:47:20Z,2026-04-20,10,2895,failed,10,11,,odoo/enterprise: ci/runbot,no_culprit,1,ci_failure,,0,0
159993,2026-04-20T11:35:52Z,2026-04-20,11,4460,merged,5,6,,,,,,,,
160004,2026-04-20T12:50:25Z,2026-04-20,12,5153,merged,5,5,,,,,,,,
160016,2026-04-20T14:17:37Z,2026-04-20,14,1467,failed,16,21,,odoo/documentation: ci/documentation|odoo/odoo: ci/documentation,no_culprit,1,ci_failure,,0,0
160019,2026-04-20T14:42:33Z,2026-04-20,14,2337,failed,8,10,,odoo/odoo: ci/runbot,no_culprit,1,ci_failure,,0,0
160024,2026-04-20T15:21:47Z,2026-04-20,15,4655,merged,4,5,,,,,,,,
160031,2026-04-20T16:39:36Z,2026-04-20,16,4034,merged,4,5,,,,,,,,
160038,2026-04-20T17:47:22Z,2026-04-20,17,5069,merged,8,11,,,,,,,,
160048,2026-04-20T19:13:07Z,2026-04-20,19,5659,merged,16,19,,,,,,,,
160053,2026-04-20T20:47:50Z,2026-04-20,20,4736,merged,9,10,,,,,,,,
160060,2026-04-21T01:00:45Z,2026-04-21,01,5125,merged,1,1,,,,,,,,
160063,2026-04-21T02:26:17Z,2026-04-21,02,5089,merged,2,2,,,,,,,,
160064,2026-04-21T04:27:12Z,2026-04-21,04,4592,merged,1,1,,,,,,,,
160071,2026-04-21T05:44:05Z,2026-04-21,05,3909,merged,4,4,,,,,,,,
160076,2026-04-21T06:50:12Z,2026-04-21,06,4807,merged,6,6,,,,,,,,
160096,2026-04-21T08:11:17Z,2026-04-21,08,5490,merged,11,15,,,,,,,,
160103,2026-04-21T09:44:01Z,2026-04-21,09,5425,merged,16,22,,,,,,,,
160110,2026-04-21T11:15:33Z,2026-04-21,11,5762,merged,16,17,,,,,,,,
160122,2026-04-21T12:52:28Z,2026-04-21,12,4892,merged,11,12,,,,,,,,
160134,2026-04-21T14:15:08Z,2026-04-21,14,5336,merged,10,13,,,,,,,,
160145,2026-04-21T15:44:59Z,2026-04-21,15,2564,failed,8,12,,odoo/enterprise: ci/runbot,attributed_to_flaky,1,ci_failure,odoo/enterprise#113556|odoo/odoo#253891|odoo/upgrade#9689,0,0
160150,2026-04-21T16:27:55Z,2026-04-21,16,4328,merged,4,4,,,,,,,,
160160,2026-04-21T17:40:22Z,2026-04-21,17,1473,failed,4,8,,odoo/enterprise: ci/runbot,attributed_to_flaky,1,ci_failure,odoo/enterprise#113556|odoo/odoo#253891|odoo/upgrade#9689,0,0
160165,2026-04-21T18:05:12Z,2026-04-21,18,2524,failed,2,5,,odoo/enterprise: ci/runbot,attributed_to_flaky,1,ci_failure,odoo/enterprise#113556|odoo/odoo#253891|odoo/upgrade#9689,0,0
160169,2026-04-21T18:47:25Z,2026-04-21,18,6435,merged,1,2,,,,,,,,
160177,2026-04-21T20:34:51Z,2026-04-21,20,2485,failed,1,3,ci/runbot (view more at https://runbot.odoo.com/runbot/batch/2486097/build/108212207),odoo/enterprise: ci/runbot,flaky_retry,1,ci_failure,,1,1
160181,2026-04-21T21:17:36Z,2026-04-21,21,4551,merged,16,23,,,,,,,,
160186,2026-04-21T22:33:52Z,2026-04-21,22,2277,failed,4,4,,odoo/enterprise: ci/runbot,no_culprit,1,ci_failure,,0,1
160188,2026-04-21T23:11:59Z,2026-04-21,23,7033,merged,2,2,,,,,,,,
160192,2026-04-22T01:09:20Z,2026-04-22,01,4980,merged,2,2,,,,,,,,
160196,2026-04-22T02:33:03Z,2026-04-22,02,5327,merged,2,4,,,,,,,,
160202,2026-04-22T04:18:29Z,2026-04-22,04,4617,merged,1,1,,,,,,,,
160210,2026-04-22T05:35:41Z,2026-04-22,05,582,killed,4,6,Cancelled by Xavier Morel (xmo),,,,,,,
160211,2026-04-22T05:45:57Z,2026-04-22,05,4420,merged,6,8,,,,,,,,
160219,2026-04-22T07:00:29Z,2026-04-22,07,2587,killed,10,12,freeze by moc@odoo.com,,,,,,,
160265,2026-04-22T13:45:14Z,2026-04-22,13,6868,merged,16,17,,,,,,,,
160277,2026-04-22T15:40:50Z,2026-04-22,15,5075,merged,16,18,,,,,,,,
160287,2026-04-22T17:06:11Z,2026-04-22,17,5271,merged,16,17,,,,,,,,
160294,2026-04-22T18:34:13Z,2026-04-22,18,5913,merged,3,3,,,,,,,,
160301,2026-04-22T20:13:15Z,2026-04-22,20,5872,merged,6,7,,,,,,,,
160305,2026-04-22T21:51:56Z,2026-04-22,21,2560,failed,9,10,,odoo/enterprise: ci/runbot,no_culprit,1,ci_failure,,0,0
160312,2026-04-22T22:34:51Z,2026-04-22,22,5630,merged,5,6,,,,,,,,
160313,2026-04-23T00:08:52Z,2026-04-23,00,5618,merged,4,4,,,,,,,,
160321,2026-04-23T01:42:37Z,2026-04-23,01,2523,merged,1,1,,,,,,,,
160326,2026-04-23T03:32:17Z,2026-04-23,03,1364,merged,1,1,,,,,,,,
160331,2026-04-23T04:34:08Z,2026-04-23,04,5093,merged,1,1,,,,,,,,
160336,2026-04-23T05:59:15Z,2026-04-23,05,4752,merged,5,5,,,,,,,,
160344,2026-04-23T07:18:38Z,2026-04-23,07,4981,merged,4,4,,,,,,,,
160353,2026-04-23T08:42:38Z,2026-04-23,08,5066,merged,16,16,,,,,,,,
160360,2026-04-23T10:07:56Z,2026-04-23,10,5009,merged,10,10,,,,,,,,
160370,2026-04-23T11:31:44Z,2026-04-23,11,7169,merged,2,2,,,,,,,,
160381,2026-04-23T13:32:12Z,2026-04-23,13,5407,merged,9,9,,,,,,,,
160391,2026-04-23T15:02:58Z,2026-04-23,15,5076,merged,6,7,,,,,,,,
160397,2026-04-23T16:28:19Z,2026-04-23,16,4030,failed,8,10,,odoo/enterprise: ci/l10n,no_culprit,1,ci_failure,,0,0
160404,2026-04-23T17:35:44Z,2026-04-23,17,4230,failed,4,5,,odoo/upgrade-util: ci/upgrade_enterprise,no_culprit,1,ci_failure,,0,0
160408,2026-04-23T18:46:25Z,2026-04-23,18,6829,merged,2,3,,,,,,,,
160418,2026-04-23T20:40:23Z,2026-04-23,20,4139,failed,2,2,,odoo/enterprise: ci/l10n,no_culprit,1,ci_failure,,0,0
160425,2026-04-23T21:49:29Z,2026-04-23,21,7026,killed,1,1,Cancelled by Xavier Dollé (xdo) because reset before merging retry fix,,,,,,,
160431,2026-04-23T23:47:28Z,2026-04-23,23,772,killed,14,18,Unstaged by Xavier-Do on odoo/odoo#261134,,,,,,,
160435,2026-04-24T00:00:26Z,2026-04-24,00,1111,merged,1,1,,,,,,,,
160440,2026-04-24T00:19:34Z,2026-04-24,00,5889,merged,15,19,,,,,,,,
160452,2026-04-24T04:42:19Z,2026-04-24,04,5219,merged,1,1,,,,,,,,
160462,2026-04-24T06:09:43Z,2026-04-24,06,3581,failed,11,11,,odoo/enterprise: ci/runbot,attributed_to_flaky,1,ci_failure,odoo/enterprise#114954,0,0
160466,2026-04-24T07:10:48Z,2026-04-24,07,5303,merged,6,6,,,,,,,,
160475,2026-04-24T08:39:24Z,2026-04-24,08,978,failed,5,5,,odoo/enterprise: ci/runbot,attributed_to_flaky,1,ci_failure,odoo/enterprise#114954,0,0
160477,2026-04-24T08:55:52Z,2026-04-24,08,340,failed,3,3,,odoo/design-themes: ci/design-theme|odoo/enterprise: ci/design-theme|odoo/odoo: ci/design-theme,attributed_to_flaky,1,ci_failure,odoo/enterprise#114954,0,0
160480,2026-04-24T09:01:40Z,2026-04-24,09,5188,merged,2,2,,,,,,,,
160489,2026-04-24T10:28:15Z,2026-04-24,10,3154,failed,1,1,ci/runbot (view more at https://runbot.odoo.com/runbot/batch/2492328/build/108526000),odoo/enterprise: ci/runbot,flaky_retry,1,ci_failure,,1,1
160495,2026-04-24T11:21:48Z,2026-04-24,11,2432,failed,16,18,,odoo/enterprise: ci/runbot,no_culprit,1,ci_failure,,0,1
160500,2026-04-24T12:02:41Z,2026-04-24,12,870,killed,8,9,odoo/odoo#234556 unreviewed (r-) by dmo-odoo,,,,,,,
160503,2026-04-24T12:17:33Z,2026-04-24,12,6081,merged,8,9,,,,,,,,
160517,2026-04-24T13:59:56Z,2026-04-24,13,5054,merged,16,20,,,,,,,,
160531,2026-04-24T15:36:57Z,2026-04-24,15,1314,failed,16,19,,odoo/enterprise: ci/runbot,no_culprit,1,ci_failure,,0,0
160534,2026-04-24T15:59:15Z,2026-04-24,15,4535,merged,8,10,,,,,,,,
160545,2026-04-24T17:15:12Z,2026-04-24,17,5115,merged,8,9,,,,,,,,
160555,2026-04-24T18:41:26Z,2026-04-24,18,5411,merged,16,16,,,,,,,,
160572,2026-04-24T20:12:09Z,2026-04-24,20,5232,merged,16,16,,,,,,,,
160583,2026-04-24T21:39:53Z,2026-04-24,21,4882,merged,16,17,,,,,,,,
160588,2026-04-24T23:01:30Z,2026-04-24,23,6662,merged,6,6,,,,,,,,
160593,2026-04-25T00:52:42Z,2026-04-25,00,1560,failed,3,3,,odoo/enterprise: ci/runbot,attributed_to_flaky,1,ci_failure,odoo/odoo#261393,0,0
160596,2026-04-25T01:18:50Z,2026-04-25,01,1563,failed,2,2,,odoo/enterprise: ci/runbot,attributed_to_flaky,1,ci_failure,odoo/odoo#261393,0,0
160600,2026-04-25T01:44:59Z,2026-04-25,01,1351,failed,1,1,ci/runbot on 4fc33a1e17a1c3b1221113ba3203583adfaf8d2d (view more at https://runbot.odoo.com/runbot/batch/2493789/build/108621405),odoo/enterprise: ci/runbot,flaky_retry,1,ci_failure,odoo/odoo#261393,1,0
160602,2026-04-25T02:07:39Z,2026-04-25,02,1204,merged,2,2,,,,,,,,
160619,2026-04-25T06:39:03Z,2026-04-25,06,1156,failed,1,1,ci/runbot on d0c43e63c89cacb819d8a8d72739922e8b508625 (view more at https://runbot.odoo.com/runbot/batch/2493847/build/108635033),odoo/enterprise: ci/runbot,flaky_retry,1,ci_failure,,1,1
160621,2026-04-25T07:17:14Z,2026-04-25,07,1177,failed,1,1,ci/runbot (view more at https://runbot.odoo.com/runbot/batch/2493852/build/108635230),odoo/enterprise: ci/runbot,flaky_retry,1,ci_failure,,1,1
160627,2026-04-25T07:54:20Z,2026-04-25,07,4060,merged,1,1,,,,,,,,
160632,2026-04-25T09:02:08Z,2026-04-25,09,4174,merged,2,2,,,,,,,,
160638,2026-04-25T10:11:53Z,2026-04-25,10,3805,merged,4,4,,,,,,,,
160645,2026-04-25T12:04:50Z,2026-04-25,12,3814,merged,1,1,,,,,,,,
160657,2026-04-25T18:08:47Z,2026-04-25,18,313,merged,1,1,,,,,,,,
160660,2026-04-25T19:36:32Z,2026-04-25,19,5431,merged,1,1,,,,,,,,
160667,2026-04-25T21:07:23Z,2026-04-25,21,5197,merged,1,2,,,,,,,,
160672,2026-04-25T22:34:07Z,2026-04-25,22,7504,merged,2,2,,,,,,,,
160673,2026-04-26T00:39:18Z,2026-04-26,00,2856,failed,1,1,ci/runbot (view more at https://runbot.odoo.com/runbot/batch/2494205/build/108700717),odoo/enterprise: ci/runbot,flaky_retry,1,ci_failure,,0,0
160674,2026-04-26T05:29:34Z,2026-04-26,05,2051,failed,1,1,ci/runbot (view more at https://runbot.odoo.com/runbot/batch/2494220/build/108715955),odoo/enterprise: ci/runbot,flaky_retry,1,ci_failure,,1,0
160677,2026-04-26T08:34:35Z,2026-04-26,08,2541,failed,1,1,ci/runbot on c0abd82cfed41158eda8e6cb4572fdcebed4cba1 (view more at https://runbot.odoo.com/runbot/batch/2494225/build/108716166),odoo/enterprise: ci/runbot,flaky_retry,1,ci_failure,,0,0
160683,2026-04-26T09:17:04Z,2026-04-26,09,10234,failed,2,2,timed out,,attributed_to_flaky,1,timeout,odoo/odoo#261431|odoo/odoo#261445,0,0
160687,2026-04-26T12:07:44Z,2026-04-26,12,10372,failed,1,1,timed out (&gt;150 minutes),,flaky_retry,1,timeout,,1,0
160689,2026-04-26T15:00:42Z,2026-04-26,15,10468,failed,1,1,timed out (&gt;150 minutes),,flaky_retry,1,timeout,,1,0
160691,2026-04-26T18:45:00Z,2026-04-26,18,8675,merged,1,1,,,,,,,,
160693,2026-04-26T21:09:59Z,2026-04-26,21,4683,merged,4,4,,,,,,,,
160694,2026-04-26T22:31:20Z,2026-04-26,22,5486,merged,1,1,,,,,,,,
160699,2026-04-27T00:06:10Z,2026-04-27,00,3255,failed,1,1,ci/runbot (view more at https://runbot.odoo.com/runbot/batch/2494315/build/108791737),odoo/enterprise: ci/runbot,flaky_retry,1,ci_failure,,1,0
160701,2026-04-27T01:01:29Z,2026-04-27,01,5325,merged,1,1,,,,,,,,
160706,2026-04-27T04:20:43Z,2026-04-27,04,4291,merged,1,1,,,,,,,,
160714,2026-04-27T05:32:26Z,2026-04-27,05,4162,merged,4,4,,,,,,,,
160724,2026-04-27T06:42:06Z,2026-04-27,06,2658,failed,8,8,,odoo/odoo: ci/runbot,no_culprit,1,ci_failure,,0,0
160738,2026-04-27T07:27:17Z,2026-04-27,07,2693,failed,4,4,,odoo/odoo: ci/runbot,no_culprit,1,ci_failure,,0,0
160752,2026-04-27T08:12:18Z,2026-04-27,08,1553,killed,2,2,Cancelled by Xavier Morel (xmo) because Disabled nondet error causing staging breakage,,,,,,,
160755,2026-04-27T08:38:49Z,2026-04-27,08,5328,merged,16,16,,,,,,,,
160765,2026-04-27T10:08:20Z,2026-04-27,10,4656,merged,11,12,,,,,,,,
160785,2026-04-27T11:26:07Z,2026-04-27,11,4966,merged,4,4,,,,,,,,
160795,2026-04-27T12:49:42Z,2026-04-27,12,4801,merged,10,14,,,,,,,,
160804,2026-04-27T14:10:47Z,2026-04-27,14,4926,merged,8,9,,,,,,,,
160812,2026-04-27T15:33:30Z,2026-04-27,15,5329,merged,4,5,,,,,,,,
160820,2026-04-27T17:03:12Z,2026-04-27,17,5185,merged,10,11,,,,,,,,
160829,2026-04-27T18:29:45Z,2026-04-27,18,5516,merged,1,1,,,,,,,,
160836,2026-04-27T20:02:10Z,2026-04-27,20,5424,merged,2,3,,,,,,,,
160844,2026-04-27T21:32:58Z,2026-04-27,21,5321,merged,2,2,,,,,,,,
160849,2026-04-27T23:01:49Z,2026-04-27,23,7549,merged,2,3,,,,,,,,
160859,2026-04-28T01:07:51Z,2026-04-28,01,5631,merged,4,5,,,,,,,,
160865,2026-04-28T03:32:10Z,2026-04-28,03,2586,failed,1,1,ci/runbot (view more at https://runbot.odoo.com/runbot/batch/2496911/build/108925202),odoo/enterprise: ci/runbot,flaky_retry,1,ci_failure,,1,0
160869,2026-04-28T04:27:43Z,2026-04-28,04,5918,merged,1,1,,,,,,,,
160877,2026-04-28T06:06:39Z,2026-04-28,06,5903,merged,7,7,,,,,,,,
160891,2026-04-28T07:45:53Z,2026-04-28,07,5530,merged,16,18,,,,,,,,
160907,2026-04-28T09:18:56Z,2026-04-28,09,5256,merged,16,18,,,,,,,,
160922,2026-04-28T10:47:11Z,2026-04-28,10,2820,failed,12,13,,odoo/enterprise: ci/runbot,no_culprit,1,ci_failure,,0,0
160931,2026-04-28T11:34:28Z,2026-04-28,11,5040,merged,6,6,,,,,,,,
160939,2026-04-28T12:58:49Z,2026-04-28,12,6045,merged,6,7,,,,,,,,
160949,2026-04-28T14:40:56Z,2026-04-28,14,5230,merged,15,19,,,,,,,,
160955,2026-04-28T16:08:52Z,2026-04-28,16,1363,failed,7,8,,odoo/enterprise: ci/runbot,no_culprit,1,ci_failure,,0,0
160958,2026-04-28T16:31:50Z,2026-04-28,16,17,failed,4,5,Failed pushing to odoo/odoo,,no_culprit,1,unknown,,0,0
161011,2026-04-29T05:35:31Z,2026-04-29,05,68,killed,3,3,Cancelled by Xavier Morel (xmo),,,,,,,
161012,2026-04-29T05:37:40Z,2026-04-29,05,4021,merged,16,19,,,,,,,,
161019,2026-04-29T06:45:29Z,2026-04-29,06,4671,merged,16,17,,,,,,,,
161031,2026-04-29T08:04:05Z,2026-04-29,08,5139,merged,16,16,,,,,,,,
161044,2026-04-29T09:30:12Z,2026-04-29,09,5543,merged,11,12,,,,,,,,
161059,2026-04-29T11:03:41Z,2026-04-29,11,2640,failed,16,19,,odoo/enterprise: ci/runbot,no_culprit,1,ci_failure,,0,0
161063,2026-04-29T11:48:07Z,2026-04-29,11,5995,merged,8,11,,,,,,,,
161080,2026-04-29T13:28:22Z,2026-04-29,13,6729,merged,8,8,,,,,,,,
161097,2026-04-29T15:21:19Z,2026-04-29,15,4325,merged,8,10,,,,,,,,
161103,2026-04-29T16:34:11Z,2026-04-29,16,3945,merged,7,10,,,,,,,,
161111,2026-04-29T17:40:19Z,2026-04-29,17,2080,failed,3,3,,odoo/enterprise: ci/runbot,no_culprit,1,ci_failure,,0,0
161112,2026-04-29T18:15:09Z,2026-04-29,18,5921,merged,2,2,,,,,,,,
161117,2026-04-29T19:53:56Z,2026-04-29,19,5363,merged,1,1,,,,,,,,
161127,2026-04-29T21:25:41Z,2026-04-29,21,1080,failed,4,4,,odoo/enterprise: ci/runbot,no_culprit,1,ci_failure,,0,0
161130,2026-04-29T21:44:04Z,2026-04-29,21,5000,merged,2,2,,,,,,,,
161134,2026-04-29T23:07:32Z,2026-04-29,23,4985,merged,2,2,,,,,,,,
161137,2026-04-30T00:30:43Z,2026-04-30,00,5916,merged,1,1,,,,,,,,
161141,2026-04-30T03:40:02Z,2026-04-30,03,5849,merged,1,1,,,,,,,,
161148,2026-04-30T05:17:58Z,2026-04-30,05,4808,merged,5,5,,,,,,,,
161155,2026-04-30T06:38:25Z,2026-04-30,06,3918,merged,9,9,,,,,,,,
161162,2026-04-30T07:44:22Z,2026-04-30,07,4653,merged,8,10,,,,,,,,
161172,2026-04-30T09:02:55Z,2026-04-30,09,5316,merged,14,19,,,,,,,,
161185,2026-04-30T10:32:06Z,2026-04-30,10,4985,merged,8,8,,,,,,,,
161194,2026-04-30T11:55:47Z,2026-04-30,11,5528,merged,7,9,,,,,,,,
161207,2026-04-30T13:28:32Z,2026-04-30,13,5312,merged,7,8,,,,,,,,
161216,2026-04-30T14:57:40Z,2026-04-30,14,2536,failed,9,9,,odoo/enterprise: ci/runbot,no_culprit,1,ci_failure,,0,0
161229,2026-04-30T15:40:11Z,2026-04-30,15,5068,merged,5,5,,,,,,,,
161240,2026-04-30T17:04:50Z,2026-04-30,17,5043,merged,4,4,,,,,,,,
161248,2026-04-30T18:30:01Z,2026-04-30,18,7114,merged,16,18,,,,,,,,
161258,2026-04-30T20:29:23Z,2026-04-30,20,4447,merged,11,13,,,,,,,,
161263,2026-04-30T21:43:37Z,2026-04-30,21,5449,merged,1,1,,,,,,,,
161270,2026-04-30T23:14:36Z,2026-04-30,23,6459,merged,3,3,,,,,,,,
161273,2026-05-01T02:00:49Z,2026-05-01,02,3816,merged,1,1,,,,,,,,
161286,2026-05-01T04:46:04Z,2026-05-01,04,302,merged,1,1,,,,,,,,
161287,2026-05-01T05:07:27Z,2026-05-01,05,2071,merged,1,1,,,,,,,,
161289,2026-05-01T05:42:08Z,2026-05-01,05,4261,merged,2,3,,,,,,,,
161295,2026-05-01T06:53:29Z,2026-05-01,06,4092,merged,2,2,,,,,,,,
161299,2026-05-01T08:01:47Z,2026-05-01,08,4152,merged,1,1,,,,,,,,
161304,2026-05-01T09:11:07Z,2026-05-01,09,3873,merged,2,2,,,,,,,,
161308,2026-05-01T10:16:01Z,2026-05-01,10,4406,merged,3,3,,,,,,,,
161315,2026-05-01T11:29:34Z,2026-05-01,11,2469,merged,1,1,,,,,,,,
161317,2026-05-01T12:10:50Z,2026-05-01,12,4084,merged,1,1,,,,,,,,
161322,2026-05-01T13:19:01Z,2026-05-01,13,3874,merged,1,1,,,,,,,,
161325,2026-05-01T14:42:17Z,2026-05-01,14,3896,merged,1,2,,,,,,,,
161331,2026-05-01T15:47:21Z,2026-05-01,15,2739,merged,2,2,,,,,,,,
161333,2026-05-01T16:33:07Z,2026-05-01,16,4140,merged,1,1,,,,,,,,
161337,2026-05-01T17:42:14Z,2026-05-01,17,2334,merged,1,1,,,,,,,,
161346,2026-05-01T20:02:02Z,2026-05-01,20,305,merged,1,1,,,,,,,,
161347,2026-05-01T20:35:42Z,2026-05-01,20,6451,merged,1,1,,,,,,,,
161352,2026-05-01T22:23:21Z,2026-05-01,22,6426,merged,2,2,,,,,,,,
161361,2026-05-02T00:10:33Z,2026-05-02,00,5889,merged,1,1,,,,,,,,
161365,2026-05-02T01:48:48Z,2026-05-02,01,1696,merged,1,1,,,,,,,,
161366,2026-05-02T04:02:43Z,2026-05-02,04,313,merged,1,1,,,,,,,,
161367,2026-05-02T06:59:48Z,2026-05-02,06,4103,merged,1,1,,,,,,,,
161370,2026-05-02T08:33:15Z,2026-05-02,08,4154,merged,1,1,,,,,,,,
161376,2026-05-02T10:32:32Z,2026-05-02,10,2529,failed,1,1,ci/runbot on 02782abefd8b140952a5cc0cf59b3189825cda40 (view more at https://runbot.odoo.com/runbot/batch/2505523/build/109415783),odoo/enterprise: ci/runbot,flaky_retry,1,ci_failure,,1,0
161393,2026-05-03T15:43:28Z,2026-05-03,15,315,merged,1,1,,,,,,,,
161398,2026-05-03T18:11:30Z,2026-05-03,18,304,merged,1,1,,,,,,,,
161403,2026-05-03T19:01:35Z,2026-05-03,19,5067,merged,1,1,,,,,,,,
161404,2026-05-03T20:26:27Z,2026-05-03,20,2838,failed,1,2,ci/runbot (view more at https://runbot.odoo.com/runbot/batch/2505900/build/109567476),odoo/enterprise: ci/runbot,flaky_retry,1,ci_failure,,1,0
161406,2026-05-04T03:52:49Z,2026-05-04,03,3873,merged,1,1,,,,,,,,
161411,2026-05-04T04:57:28Z,2026-05-04,04,6105,merged,1,1,,,,,,,,
161428,2026-05-04T06:39:28Z,2026-05-04,06,4447,merged,5,6,,,,,,,,
161437,2026-05-04T07:54:08Z,2026-05-04,07,4732,merged,10,12,,,,,,,,
161448,2026-05-04T09:13:48Z,2026-05-04,09,4896,merged,10,12,,,,,,,,
161465,2026-05-04T10:36:08Z,2026-05-04,10,4950,merged,9,12,,,,,,,,
161475,2026-05-04T11:59:30Z,2026-05-04,11,1132,failed,12,12,,odoo/odoo: ci/runbot,no_culprit,1,ci_failure,,0,0
161476,2026-05-04T12:18:38Z,2026-05-04,12,5858,merged,6,6,,,,,,,,
161492,2026-05-04T13:56:32Z,2026-05-04,13,5160,merged,6,6,,,,,,,,
161500,2026-05-04T15:23:44Z,2026-05-04,15,5728,merged,16,16,,,,,,,,
161510,2026-05-04T17:00:11Z,2026-05-04,17,5217,merged,16,18,,,,,,,,
161517,2026-05-04T18:27:39Z,2026-05-04,18,3483,failed,5,6,,odoo/enterprise: ci/runbot,attributed_to_flaky,1,ci_failure,odoo/enterprise#114807|odoo/odoo#260963,0,0
161520,2026-05-04T19:25:55Z,2026-05-04,19,1538,failed,3,4,,odoo/enterprise: ci/runbot,attributed_to_flaky,1,ci_failure,odoo/enterprise#114807|odoo/odoo#260963,0,0
161521,2026-05-04T19:51:42Z,2026-05-04,19,5582,merged,2,2,,,,,,,,
161527,2026-05-04T21:24:53Z,2026-05-04,21,4397,failed,1,2,ci/runbot (view more at https://runbot.odoo.com/runbot/batch/2508313/build/109682012),odoo/enterprise: ci/runbot,flaky_retry,1,ci_failure,,1,0
161531,2026-05-04T22:38:37Z,2026-05-04,22,7934,merged,5,5,,,,,,,,
161535,2026-05-05T00:50:58Z,2026-05-05,00,3370,failed,1,1,ci/runbot (view more at https://runbot.odoo.com/runbot/batch/2508409/build/109685434),odoo/enterprise: ci/runbot,flaky_retry,1,ci_failure,,1,0
161538,2026-05-05T01:47:31Z,2026-05-05,01,4372,failed,2,2,,odoo/odoo: ci/runbot,attributed_to_flaky,1,ci_failure,odoo/odoo#262465,0,0
161539,2026-05-05T03:00:31Z,2026-05-05,03,3451,failed,1,1,ci/runbot on 9596be2df3636e79298f4a2dfb99d96c05773e88 (view more at https://runbot.odoo.com/runbot/batch/2508441/build/109692471),odoo/enterprise: ci/runbot,flaky_retry,1,ci_failure,,1,0
161540,2026-05-05T03:58:09Z,2026-05-05,03,6384,merged,1,1,,,,,,,,
161549,2026-05-05T05:44:56Z,2026-05-05,05,3549,failed,4,4,,odoo/odoo: ci/runbot,no_culprit,1,ci_failure,,0,0
161551,2026-05-05T06:44:13Z,2026-05-05,06,4606,merged,2,2,,,,,,,,
161561,2026-05-05T08:01:08Z,2026-05-05,08,4566,merged,2,2,,,,,,,,
161570,2026-05-05T09:18:18Z,2026-05-05,09,4773,merged,16,21,,,,,,,,
161579,2026-05-05T10:38:39Z,2026-05-05,10,7011,merged,12,13,,,,,,,,
161599,2026-05-05T12:36:10Z,2026-05-05,12,3319,failed,9,9,,odoo/enterprise: ci/runbot,no_culprit,1,ci_failure,,0,0
161604,2026-05-05T13:31:44Z,2026-05-05,13,4201,merged,5,5,,,,,,,,
161611,2026-05-05T14:41:59Z,2026-05-05,14,1149,failed,4,4,,odoo/enterprise: ci/runbot,no_culprit,1,ci_failure,,0,0
161612,2026-05-05T15:01:17Z,2026-05-05,15,6119,merged,2,2,,,,,,,,
161624,2026-05-05T16:43:24Z,2026-05-05,16,5058,merged,2,2,,,,,,,,
161635,2026-05-05T18:09:12Z,2026-05-05,18,6719,merged,16,23,,,,,,,,
161642,2026-05-05T20:01:52Z,2026-05-05,20,1238,failed,16,19,,odoo/enterprise: ci/runbot,no_culprit,1,ci_failure,,0,0
161651,2026-05-05T20:22:53Z,2026-05-05,20,4949,merged,8,9,,,,,,,,
161654,2026-05-05T21:45:43Z,2026-05-05,21,6245,merged,8,10,,,,,,,,
161660,2026-05-05T23:29:58Z,2026-05-05,23,5793,merged,2,2,,,,,,,,
161662,2026-05-06T01:06:37Z,2026-05-06,01,5560,merged,1,1,,,,,,,,
161665,2026-05-06T02:51:52Z,2026-05-06,02,2980,merged,1,1,,,,,,,,
161667,2026-05-06T03:41:38Z,2026-05-06,03,5213,merged,1,1,,,,,,,,
161672,2026-05-06T05:08:37Z,2026-05-06,05,5229,merged,1,1,,,,,,,,
161679,2026-05-06T06:36:25Z,2026-05-06,06,1504,failed,7,8,,odoo/enterprise: ci/runbot,attributed_to_flaky,1,ci_failure,odoo/odoo#262887,0,0
161681,2026-05-06T07:01:42Z,2026-05-06,07,3430,failed,4,4,,odoo/enterprise: ci/runbot,attributed_to_flaky,1,ci_failure,odoo/odoo#262887,0,0
161686,2026-05-06T08:00:03Z,2026-05-06,08,3733,failed,2,2,,odoo/enterprise: ci/runbot,attributed_to_flaky,1,ci_failure,odoo/odoo#262887,0,0
161694,2026-05-06T09:02:22Z,2026-05-06,09,2865,failed,1,1,ci/runbot on 1edcb1e7eb4a74c38b2b56f850c15015c7be828c (view more at https://runbot.odoo.com/runbot/batch/2511897/build/109851677),odoo/enterprise: ci/runbot,flaky_retry,1,ci_failure,,1,1
161699,2026-05-06T09:51:23Z,2026-05-06,09,3066,failed,16,22,,odoo/enterprise: ci/runbot,no_culprit,1,ci_failure,,0,1
161705,2026-05-06T10:42:59Z,2026-05-06,10,5180,merged,8,13,,,,,,,,
161713,2026-05-06T12:09:39Z,2026-05-06,12,4079,failed,8,9,,odoo/enterprise: ci/runbot,no_culprit,1,ci_failure,,0,0
161724,2026-05-06T13:17:59Z,2026-05-06,13,5066,merged,4,4,,,,,,,,
161732,2026-05-06T14:42:39Z,2026-05-06,14,3759,failed,4,5,,odoo/enterprise: ci/runbot,no_culprit,1,ci_failure,,0,0
161740,2026-05-06T15:45:29Z,2026-05-06,15,4628,merged,2,3,,,,,,,,
161749,2026-05-06T17:02:58Z,2026-05-06,17,5343,merged,2,2,,,,,,,,
161756,2026-05-06T18:33:13Z,2026-05-06,18,7356,merged,16,21,,,,,,,,
161761,2026-05-06T20:53:03Z,2026-05-06,20,5277,merged,16,21,,,,,,,,
161764,2026-05-06T22:21:37Z,2026-05-06,22,4567,failed,16,17,,odoo/enterprise: ci/runbot,no_culprit,1,ci_failure,,0,0
161765,2026-05-06T23:38:10Z,2026-05-06,23,5760,merged,8,9,,,,,,,,
161772,2026-05-07T01:14:27Z,2026-05-07,01,4926,merged,8,8,,,,,,,,
161773,2026-05-07T02:37:25Z,2026-05-07,02,4556,merged,16,18,,,,,,,,
161775,2026-05-07T03:53:51Z,2026-05-07,03,4527,merged,16,17,,,,,,,,
161776,2026-05-07T05:09:36Z,2026-05-07,05,4912,merged,8,9,,,,,,,,
161790,2026-05-07T06:31:47Z,2026-05-07,06,4323,merged,8,9,,,,,,,,
161796,2026-05-07T07:44:10Z,2026-05-07,07,3484,failed,10,10,,odoo/enterprise: ci/runbot,no_culprit,1,ci_failure,,0,0
161807,2026-05-07T08:42:27Z,2026-05-07,08,1251,failed,5,5,,odoo/enterprise: ci/runbot,no_culprit,1,ci_failure,,0,0
161809,2026-05-07T09:03:30Z,2026-05-07,09,5739,merged,3,3,,,,,,,,
161831,2026-05-07T10:39:16Z,2026-05-07,10,5464,merged,2,2,,,,,,,,
161843,2026-05-07T12:10:52Z,2026-05-07,12,5552,merged,5,5,,,,,,,,
161858,2026-05-07T13:44:41Z,2026-05-07,13,5239,merged,16,23,,,,,,,,
161868,2026-05-07T15:13:15Z,2026-05-07,15,5437,merged,16,20,,,,,,,,
161880,2026-05-07T16:44:54Z,2026-05-07,16,4517,merged,16,19,,,,,,,,
161889,2026-05-07T18:01:00Z,2026-05-07,18,6239,merged,11,11,,,,,,,,
161894,2026-05-07T19:45:08Z,2026-05-07,19,6110,merged,2,2,,,,,,,,
161900,2026-05-07T21:27:05Z,2026-05-07,21,6325,merged,1,1,,,,,,,,
161906,2026-05-07T23:12:36Z,2026-05-07,23,6013,merged,1,1,,,,,,,,
161908,2026-05-08T00:52:55Z,2026-05-08,00,3238,merged,1,1,,,,,,,,
161911,2026-05-08T01:47:09Z,2026-05-08,01,4861,merged,1,1,,,,,,,,
161915,2026-05-08T03:46:10Z,2026-05-08,03,5548,merged,1,1,,,,,,,,
161921,2026-05-08T05:18:46Z,2026-05-08,05,4685,merged,2,2,,,,,,,,
161927,2026-05-08T06:37:05Z,2026-05-08,06,5206,merged,6,6,,,,,,,,
161937,2026-05-08T08:04:45Z,2026-05-08,08,5145,merged,13,14,,,,,,,,
161949,2026-05-08T09:31:37Z,2026-05-08,09,4966,merged,16,19,,,,,,,,
161956,2026-05-08T10:55:19Z,2026-05-08,10,4387,merged,15,17,,,,,,,,
161966,2026-05-08T12:08:56Z,2026-05-08,12,3705,failed,2,2,,odoo/enterprise: ci/runbot,no_culprit,1,ci_failure,,0,0
161971,2026-05-08T13:10:48Z,2026-05-08,13,5639,merged,1,1,,,,,,,,
161983,2026-05-08T14:45:19Z,2026-05-08,14,6592,merged,1,1,,,,,,,,
161996,2026-05-08T16:36:18Z,2026-05-08,16,1856,failed,16,18,,odoo/enterprise: ci/runbot,no_culprit,1,ci_failure,,0,0
162001,2026-05-08T17:08:04Z,2026-05-08,17,4589,merged,8,8,,,,,,,,
162011,2026-05-08T18:24:54Z,2026-05-08,18,5516,merged,8,10,,,,,,,,
162017,2026-05-08T19:57:51Z,2026-05-08,19,5144,merged,16,16,,,,,,,,
162023,2026-05-08T21:23:57Z,2026-05-08,21,5006,merged,10,11,,,,,,,,
162028,2026-05-08T22:47:29Z,2026-05-08,22,6269,failed,1,1,ci/l10n on 6f63686c4dfd8a42e12029d3e3c5fc22ee7290aa (view more at https://runbot.odoo.com/runbot/batch/2518950/build/110194773),odoo/enterprise: ci/l10n,flaky_retry,1,ci_failure,,1,0
162033,2026-05-09T00:32:08Z,2026-05-09,00,6731,merged,3,3,,,,,,,,
162035,2026-05-09T02:53:25Z,2026-05-09,02,4636,merged,1,1,,,,,,,,
162041,2026-05-09T08:04:36Z,2026-05-09,08,4936,merged,1,1,,,,,,,,
162050,2026-05-09T09:26:58Z,2026-05-09,09,4008,merged,1,1,,,,,,,,
162054,2026-05-09T10:33:53Z,2026-05-09,10,4183,merged,2,2,,,,,,,,
162063,2026-05-09T14:11:19Z,2026-05-09,14,4299,merged,1,1,,,,,,,,
162066,2026-05-09T16:00:56Z,2026-05-09,16,4175,merged,1,1,,,,,,,,
162074,2026-05-09T17:10:37Z,2026-05-09,17,4862,merged,1,1,,,,,,,,
162087,2026-05-09T20:59:22Z,2026-05-09,20,5258,merged,1,1,,,,,,,,
162090,2026-05-10T02:26:14Z,2026-05-10,02,383,merged,1,1,,,,,,,,
162093,2026-05-10T06:41:38Z,2026-05-10,06,3981,merged,1,1,,,,,,,,
162109,2026-05-10T19:02:34Z,2026-05-10,19,5543,merged,1,1,,,,,,,,
162117,2026-05-10T20:35:04Z,2026-05-10,20,3179,failed,1,1,ci/upgrade_enterprise on b693c534060ad453fdebdfc1d1a5e916c18c9a66 (view more at https://runbot.odoo.com/runbot/batch/2519670/build/110334115),odoo/enterprise: ci/upgrade_enterprise,flaky_retry,1,ci_failure,,1,0
162119,2026-05-10T21:28:09Z,2026-05-10,21,4908,merged,1,1,,,,,,,,
162125,2026-05-11T05:00:54Z,2026-05-11,05,2930,failed,1,1,ci/runbot on c42ca46948c504f27d6422709e28e86f42f3be2a (view more at https://runbot.odoo.com/runbot/batch/2519747/build/110351891),odoo/enterprise: ci/runbot,flaky_retry,1,ci_failure,,1,1
162131,2026-05-11T05:50:04Z,2026-05-11,05,1865,failed,4,5,,odoo/enterprise: ci/runbot,no_culprit,1,ci_failure,,0,1
162136,2026-05-11T06:21:19Z,2026-05-11,06,4815,merged,2,3,,,,,,,,
162153,2026-05-11T07:41:42Z,2026-05-11,07,4998,merged,2,2,,,,,,,,
162173,2026-05-11T09:06:16Z,2026-05-11,09,5688,merged,16,20,,,,,,,,
162187,2026-05-11T10:43:13Z,2026-05-11,10,4574,merged,16,17,,,,,,,,
162200,2026-05-11T12:00:18Z,2026-05-11,12,6080,merged,14,14,,,,,,,,
162220,2026-05-11T13:42:30Z,2026-05-11,13,5877,merged,8,10,,,,,,,,
162239,2026-05-11T15:21:17Z,2026-05-11,15,4834,merged,6,10,,,,,,,,
162250,2026-05-11T16:42:51Z,2026-05-11,16,3426,failed,9,13,,odoo/enterprise: ci/runbot,no_culprit,1,ci_failure,,0,0
162262,2026-05-11T17:40:20Z,2026-05-11,17,4010,failed,5,9,,odoo/enterprise: ci/runbot,no_culprit,1,ci_failure,,0,0
162268,2026-05-11T18:47:27Z,2026-05-11,18,5689,merged,3,6,,,,,,,,
162282,2026-05-11T20:22:26Z,2026-05-11,20,4952,merged,2,3,,,,,,,,
162287,2026-05-11T21:45:10Z,2026-05-11,21,4629,merged,4,4,,,,,,,,
162290,2026-05-11T23:02:38Z,2026-05-11,23,6587,merged,3,3,,,,,,,,
162294,2026-05-12T01:42:37Z,2026-05-12,01,3718,failed,1,1,ci/runbot (view more at https://runbot.odoo.com/runbot/batch/2522408/build/110471704),odoo/enterprise: ci/runbot,flaky_retry,1,ci_failure,,1,0
162296,2026-05-12T02:46:31Z,2026-05-12,02,4485,merged,1,1,,,,,,,,
162303,2026-05-12T04:03:15Z,2026-05-12,04,4811,merged,3,4,,,,,,,,
162305,2026-05-12T05:23:36Z,2026-05-12,05,4145,failed,4,4,,odoo/enterprise: ci/runbot,no_culprit,1,ci_failure,,0,0
162316,2026-05-12T06:32:49Z,2026-05-12,06,4741,merged,2,2,,,,,,,,
162341,2026-05-12T07:51:58Z,2026-05-12,07,5183,merged,2,2,,,,,,,,
162351,2026-05-12T09:19:26Z,2026-05-12,09,5373,merged,16,18,,,,,,,,
162364,2026-05-12T10:49:55Z,2026-05-12,10,5113,merged,16,16,,,,,,,,
162386,2026-05-12T12:16:55Z,2026-05-12,12,5430,merged,16,17,,,,,,,,
162397,2026-05-12T13:49:29Z,2026-05-12,13,6177,merged,16,21,,,,,,,,
162411,2026-05-12T15:34:18Z,2026-05-12,15,5449,merged,16,22,,,,,,,,
162420,2026-05-12T17:07:07Z,2026-05-12,17,4732,merged,6,6,,,,,,,,
162428,2026-05-12T18:26:32Z,2026-05-12,18,6134,merged,8,8,,,,,,,,
162440,2026-05-12T20:08:52Z,2026-05-12,20,6883,merged,1,1,,,,,,,,
162446,2026-05-12T22:03:46Z,2026-05-12,22,3209,merged,4,4,,,,,,,,
162452,2026-05-12T23:36:11Z,2026-05-12,23,7338,merged,1,1,,,,,,,,
162456,2026-05-13T01:38:35Z,2026-05-13,01,3761,merged,1,1,,,,,,,,
162461,2026-05-13T04:37:37Z,2026-05-13,04,5763,merged,1,1,,,,,,,,
162471,2026-05-13T06:14:27Z,2026-05-13,06,4526,merged,15,16,,,,,,,,
162484,2026-05-13T07:30:54Z,2026-05-13,07,6028,merged,16,17,,,,,,,,
162493,2026-05-13T09:12:26Z,2026-05-13,09,5769,merged,16,18,,,,,,,,
162506,2026-05-13T10:49:52Z,2026-05-13,10,5466,merged,16,18,,,,,,,,
162515,2026-05-13T12:21:46Z,2026-05-13,12,5084,merged,8,8,,,,,,,,
162524,2026-05-13T13:47:14Z,2026-05-13,13,6800,merged,4,6,,,,,,,,
162535,2026-05-13T15:41:34Z,2026-05-13,15,4715,merged,11,13,,,,,,,,
162545,2026-05-13T17:00:39Z,2026-05-13,17,4707,merged,8,10,,,,,,,,
162553,2026-05-13T18:19:42Z,2026-05-13,18,6266,merged,2,3,,,,,,,,
162561,2026-05-13T20:04:19Z,2026-05-13,20,5069,merged,3,3,,,,,,,,
162566,2026-05-13T21:28:56Z,2026-05-13,21,5655,merged,1,1,,,,,,,,
162571,2026-05-13T23:03:24Z,2026-05-13,23,6394,merged,1,1,,,,,,,,
162574,2026-05-14T00:50:04Z,2026-05-14,00,3848,merged,1,1,,,,,,,,
162577,2026-05-14T02:36:10Z,2026-05-14,02,2913,failed,1,1,ci/runbot on 6b55983b67b68b858d955364d1349f171ee6c001 (view more at https://runbot.odoo.com/runbot/batch/2527885/build/110723561),odoo/enterprise: ci/runbot,flaky_retry,1,ci_failure,,1,0
162581,2026-05-14T04:06:35Z,2026-05-14,04,303,merged,1,1,,,,,,,,
162585,2026-05-14T04:23:02Z,2026-05-14,04,4609,merged,1,1,,,,,,,,
162592,2026-05-14T05:40:09Z,2026-05-14,05,4982,merged,8,8,,,,,,,,
162602,2026-05-14T07:03:22Z,2026-05-14,07,2366,failed,2,4,,odoo/enterprise: ci/runbot,attributed_to_flaky,1,ci_failure,odoo/enterprise#117294|odoo/odoo#264416,0,0
162606,2026-05-14T07:42:56Z,2026-05-14,07,2556,failed,1,2,ci/runbot (view more at https://runbot.odoo.com/runbot/batch/2528191/build/110733529),odoo/enterprise: ci/runbot,flaky_retry,1,ci_failure,,1,0
162610,2026-05-14T08:26:10Z,2026-05-14,08,3911,merged,2,3,,,,,,,,
162616,2026-05-14T09:31:31Z,2026-05-14,09,4406,merged,2,3,,,,,,,,
162624,2026-05-14T10:45:59Z,2026-05-14,10,2071,failed,1,1,ci/runbot on b78fe06db25431cbad7b7b6fa3297ae87c624079 (view more at https://runbot.odoo.com/runbot/batch/2528403/build/110740047),odoo/enterprise: ci/runbot,fixed,0,ci_failure,odoo/odoo#264542,1,0
162630,2026-05-14T12:40:07Z,2026-05-14,12,2083,failed,1,1,ci/runbot on a04ac9d9e7182d323297db208ae75dc73f078d5b (view more at https://runbot.odoo.com/runbot/batch/2528519/build/110742440),odoo/enterprise: ci/runbot,fixed,0,ci_failure,,1,0
162634,2026-05-14T13:15:02Z,2026-05-14,13,3755,merged,4,4,,,,,,,,
162642,2026-05-14T14:17:44Z,2026-05-14,14,5429,merged,1,1,,,,,,,,
162650,2026-05-14T15:48:19Z,2026-05-14,15,4075,merged,1,1,,,,,,,,
162656,2026-05-14T16:56:21Z,2026-05-14,16,4785,merged,1,1,,,,,,,,
162659,2026-05-14T18:16:12Z,2026-05-14,18,6808,merged,1,1,,,,,,,,
162665,2026-05-14T20:09:46Z,2026-05-14,20,5058,merged,1,1,,,,,,,,
162668,2026-05-14T21:34:11Z,2026-05-14,21,4841,merged,2,2,,,,,,,,
162678,2026-05-14T22:54:59Z,2026-05-14,22,3691,failed,2,2,,odoo/enterprise: ci/runbot,no_culprit,1,ci_failure,,0,0
162684,2026-05-14T23:56:36Z,2026-05-14,23,1757,merged,1,1,,,,,,,,
162685,2026-05-15T00:25:59Z,2026-05-15,00,5718,merged,1,1,,,,,,,,
162692,2026-05-15T02:01:27Z,2026-05-15,02,2713,failed,2,3,,odoo/enterprise: ci/runbot,attributed_to_flaky,1,ci_failure,odoo/enterprise#117353|odoo/odoo#264255|odoo/odoo#264524,0,0
162693,2026-05-15T02:46:47Z,2026-05-15,02,5467,failed,1,2,ci/runbot (view more at https://runbot.odoo.com/runbot/batch/2529012/build/110801866),odoo/odoo: ci/runbot,flaky_retry,1,ci_failure,,1,0
162695,2026-05-15T04:18:01Z,2026-05-15,04,2391,failed,1,1,ci/runbot on 2b5de45e7a3a3a07113957033e6d09538358bbb4 (view more at https://runbot.odoo.com/runbot/batch/2529044/build/110815719),odoo/enterprise: ci/runbot,flaky_retry,1,ci_failure,,1,1
162696,2026-05-15T04:58:02Z,2026-05-15,04,2015,failed,3,3,,odoo/enterprise: ci/runbot,no_culprit,1,ci_failure,,0,1
162703,2026-05-15T05:31:50Z,2026-05-15,05,4015,merged,2,2,,,,,,,,
162715,2026-05-15T06:38:51Z,2026-05-15,06,3584,merged,1,1,,,,,,,,
162730,2026-05-15T07:38:59Z,2026-05-15,07,4077,merged,10,10,,,,,,,,
162740,2026-05-15T08:47:35Z,2026-05-15,08,4770,merged,12,12,,,,,,,,
162750,2026-05-15T10:07:47Z,2026-05-15,10,4662,merged,11,12,,,,,,,,
162760,2026-05-15T11:26:05Z,2026-05-15,11,4519,merged,7,8,,,,,,,,
162778,2026-05-15T12:42:06Z,2026-05-15,12,5325,merged,8,10,,,,,,,,
162785,2026-05-15T14:11:35Z,2026-05-15,14,5102,merged,7,9,,,,,,,,
162798,2026-05-15T15:37:28Z,2026-05-15,15,2410,failed,10,13,,odoo/enterprise: ci/runbot,no_culprit,1,ci_failure,,0,0
162800,2026-05-15T16:17:57Z,2026-05-15,16,4075,merged,5,7,,,,,,,,
162808,2026-05-15T17:26:07Z,2026-05-15,17,5239,merged,5,6,,,,,,,,
162816,2026-05-15T18:54:04Z,2026-05-15,18,6620,merged,7,9,,,,,,,,
162821,2026-05-15T20:44:33Z,2026-05-15,20,5205,merged,2,2,,,,,,,,
162826,2026-05-15T22:11:25Z,2026-05-15,22,5183,merged,1,1,,,,,,,,
162829,2026-05-15T23:37:55Z,2026-05-15,23,6025,merged,2,2,,,,,,,,
162832,2026-05-16T01:18:26Z,2026-05-16,01,5699,merged,1,1,,,,,,,,
162834,2026-05-16T02:53:31Z,2026-05-16,02,5104,merged,1,1,,,,,,,,
162836,2026-05-16T06:12:56Z,2026-05-16,06,333,merged,1,1,,,,,,,,
162840,2026-05-16T06:18:36Z,2026-05-16,06,940,merged,2,2,,,,,,,,
162855,2026-05-16T07:40:52Z,2026-05-16,07,2375,failed,1,1,ci/runbot (view more at https://runbot.odoo.com/runbot/batch/2531349/build/110930527),odoo/enterprise: ci/runbot,flaky_retry,1,ci_failure,,1,0
162857,2026-05-16T08:31:17Z,2026-05-16,08,4159,merged,1,1,,,,,,,,
162858,2026-05-16T10:03:47Z,2026-05-16,10,1906,failed,1,1,ci/runbot (view more at https://runbot.odoo.com/runbot/batch/2531394/build/110931245),odoo/odoo: ci/runbot,flaky_retry,1,ci_failure,,1,0
162862,2026-05-16T10:36:41Z,2026-05-16,10,3789,merged,1,1,,,,,,,,
162864,2026-05-16T11:39:55Z,2026-05-16,11,3724,merged,1,1,,,,,,,,
162867,2026-05-16T13:14:12Z,2026-05-16,13,3669,failed,1,1,ci/runbot on 8588426122a744287296dfa012a1800a2c055985 (view more at https://runbot.odoo.com/runbot/batch/2531459/build/110932376),odoo/enterprise: ci/runbot,flaky_retry,1,ci_failure,,1,0
162869,2026-05-16T14:15:47Z,2026-05-16,14,4477,merged,1,2,,,,,,,,
162874,2026-05-16T18:50:25Z,2026-05-16,18,6470,merged,1,1,,,,,,,,
162875,2026-05-16T20:38:25Z,2026-05-16,20,6354,merged,1,1,,,,,,,,
162879,2026-05-17T03:47:35Z,2026-05-17,03,4583,merged,1,1,,,,,,,,
162887,2026-05-17T10:00:53Z,2026-05-17,10,4417,merged,1,1,,,,,,,,
162892,2026-05-17T11:14:36Z,2026-05-17,11,3965,merged,1,1,,,,,,,,
162894,2026-05-17T13:33:53Z,2026-05-17,13,3797,merged,1,1,,,,,,,,
162895,2026-05-17T20:35:07Z,2026-05-17,20,358,merged,1,1,,,,,,,,
162900,2026-05-17T21:27:36Z,2026-05-17,21,5965,merged,1,1,,,,,,,,
162905,2026-05-18T04:34:31Z,2026-05-18,04,3843,merged,1,1,,,,,,,,
162910,2026-05-18T05:38:51Z,2026-05-18,05,2060,failed,1,1,ci/runbot on 6181eadb47a7cd313478cf30efec4d9d349a2c0b (view more at https://runbot.odoo.com/runbot/batch/2532024/build/111067789),odoo/enterprise: ci/runbot,flaky_retry,1,ci_failure,,1,1
162921,2026-05-18T06:13:27Z,2026-05-18,06,4134,merged,2,2,,,,,,,,
162925,2026-05-18T07:22:44Z,2026-05-18,07,3697,failed,11,11,,odoo/enterprise: ci/runbot,no_culprit,1,ci_failure,,0,1
162936,2026-05-18T08:24:38Z,2026-05-18,08,5210,merged,6,6,,,,,,,,
162946,2026-05-18T09:51:42Z,2026-05-18,09,5975,merged,5,5,,,,,,,,
162958,2026-05-18T11:32:23Z,2026-05-18,11,5607,merged,16,20,,,,,,,,
162967,2026-05-18T13:07:06Z,2026-05-18,13,5139,failed,16,18,,odoo/enterprise: ci/l10n,attributed_real,0,ci_failure,odoo/enterprise#116375|odoo/enterprise#116569,0,0
162979,2026-05-18T14:33:50Z,2026-05-18,14,5613,merged,8,10,,,,,,,,
162987,2026-05-18T16:07:55Z,2026-05-18,16,300,failed,8,8,,odoo/upgrade-util: ci/runbot,attributed_real,0,ci_failure,odoo/enterprise#116375|odoo/enterprise#116569,0,5
162990,2026-05-18T16:13:40Z,2026-05-18,16,314,failed,4,4,,odoo/upgrade-util: ci/runbot,attributed_real,0,ci_failure,odoo/enterprise#116375|odoo/enterprise#116569,0,5
162992,2026-05-18T16:19:03Z,2026-05-18,16,299,failed,2,2,,odoo/upgrade-util: ci/runbot,attributed_real,0,ci_failure,odoo/enterprise#116375|odoo/enterprise#116569,0,7
162993,2026-05-18T16:24:09Z,2026-05-18,16,267,failed,1,1,ci/runbot on 65b878ebef44cfbc0338da3b12ab71d11d689a5a (view more at https://runbot.odoo.com/runbot/batch/2534049/build/111115145),odoo/upgrade-util: ci/runbot,flaky_retry,1,ci_failure,,1,12
162994,2026-05-18T16:29:41Z,2026-05-18,16,313,failed,16,18,,odoo/upgrade-util: ci/runbot,attributed_real,0,ci_failure,odoo/enterprise#116375|odoo/enterprise#116873,0,1
162997,2026-05-18T16:35:19Z,2026-05-18,16,282,failed,8,10,,odoo/upgrade-util: ci/runbot,attributed_real,0,ci_failure,odoo/enterprise#116375|odoo/enterprise#116873,0,1
162998,2026-05-18T16:40:15Z,2026-05-18,16,290,failed,4,4,,odoo/upgrade-util: ci/runbot,attributed_real,0,ci_failure,odoo/enterprise#116375|odoo/enterprise#116873,0,1
162999,2026-05-18T16:45:14Z,2026-05-18,16,303,failed,2,2,,odoo/upgrade-util: ci/runbot,attributed_real,0,ci_failure,odoo/enterprise#116375|odoo/enterprise#116873,0,3
163002,2026-05-18T16:50:24Z,2026-05-18,16,276,failed,1,1,ci/runbot on 33c7ab8917577042e0f6e9aca19b390317ca25bc (view more at https://runbot.odoo.com/runbot/batch/2534088/build/111116387),odoo/upgrade-util: ci/runbot,fixed,0,ci_failure,,1,8
163003,2026-05-18T16:55:58Z,2026-05-18,16,299,failed,16,18,,odoo/upgrade-util: ci/runbot,attributed_to_flaky,1,ci_failure,odoo/enterprise#116873,0,3
163004,2026-05-18T17:01:21Z,2026-05-18,17,293,failed,8,10,,odoo/upgrade-util: ci/runbot,attributed_to_flaky,1,ci_failure,odoo/enterprise#116873,0,5
163005,2026-05-18T17:06:26Z,2026-05-18,17,301,failed,4,4,,odoo/upgrade-util: ci/runbot,attributed_to_flaky,1,ci_failure,odoo/enterprise#116873,0,5
163006,2026-05-18T17:11:35Z,2026-05-18,17,279,failed,2,2,,odoo/upgrade-util: ci/runbot,attributed_to_flaky,1,ci_failure,odoo/enterprise#116873,0,5
163007,2026-05-18T17:16:23Z,2026-05-18,17,289,failed,1,1,ci/runbot on bc3581b49564343451c05411587065a603a0a09c (view more at https://runbot.odoo.com/runbot/batch/2534110/build/111117132),odoo/upgrade-util: ci/runbot,flaky_retry,1,ci_failure,,1,7
163008,2026-05-18T17:22:23Z,2026-05-18,17,307,failed,16,19,,odoo/upgrade-util: ci/runbot,no_culprit,1,ci_failure,,0,5
163010,2026-05-18T17:27:54Z,2026-05-18,17,313,failed,8,10,,odoo/upgrade-util: ci/runbot,no_culprit,1,ci_failure,,0,7
163012,2026-05-18T17:33:19Z,2026-05-18,17,1681,failed,4,4,,odoo/design-themes: ci/design-theme,no_culprit,1,ci_failure,,0,0
163016,2026-05-18T18:01:28Z,2026-05-18,18,5990,merged,2,2,,,,,,,,
163020,2026-05-18T19:41:26Z,2026-05-18,19,5340,merged,2,2,,,,,,,,
163032,2026-05-18T21:10:42Z,2026-05-18,21,5769,merged,4,6,,,,,,,,
163039,2026-05-18T22:47:10Z,2026-05-18,22,5909,merged,8,9,,,,,,,,
163044,2026-05-19T00:26:34Z,2026-05-19,00,5760,merged,16,17,,,,,,,,
163045,2026-05-19T02:03:10Z,2026-05-19,02,5276,merged,16,17,,,,,,,,
163049,2026-05-19T04:28:05Z,2026-05-19,04,3463,failed,1,1,ci/runbot on c1b1f5d12d47a4b8867783cbc97085ad01dc75d9 (view more at https://runbot.odoo.com/runbot/batch/2534505/build/111196160),odoo/enterprise: ci/runbot,flaky_retry,1,ci_failure,,1,0
163058,2026-05-19T05:25:58Z,2026-05-19,05,5262,merged,2,3,,,,,,,,
163067,2026-05-19T06:54:27Z,2026-05-19,06,6329,merged,11,12,,,,,,,,
163080,2026-05-19T08:41:08Z,2026-05-19,08,6348,merged,16,18,,,,,,,,
163090,2026-05-19T10:28:28Z,2026-05-19,10,5602,merged,16,18,,,,,,,,
163098,2026-05-19T12:02:53Z,2026-05-19,12,5674,merged,13,17,,,,,,,,
163109,2026-05-19T13:38:25Z,2026-05-19,13,5746,merged,11,11,,,,,,,,
163117,2026-05-19T15:14:58Z,2026-05-19,15,5187,merged,6,8,,,,,,,,
163125,2026-05-19T16:42:24Z,2026-05-19,16,2163,failed,7,12,,odoo/enterprise: ci/runbot,no_culprit,1,ci_failure,,0,0
163131,2026-05-19T17:18:50Z,2026-05-19,17,6410,merged,4,9,,,,,,,,
163136,2026-05-19T19:05:51Z,2026-05-19,19,5476,merged,3,3,,,,,,,,
163145,2026-05-19T20:37:39Z,2026-05-19,20,5690,merged,13,14,,,,,,,,
163151,2026-05-19T22:27:40Z,2026-05-19,22,5069,merged,1,1,,,,,,,,
163158,2026-05-20T02:26:54Z,2026-05-20,02,6162,merged,1,1,,,,,,,,
163159,2026-05-20T04:09:51Z,2026-05-20,04,2396,failed,1,1,ci/design-theme (view more at https://runbot.odoo.com/runbot/batch/2537068/build/111326219),odoo/enterprise: ci/design-theme,flaky_retry,1,ci_failure,,1,0
163167,2026-05-20T04:51:14Z,2026-05-20,04,1249,failed,6,6,,odoo/upgrade-util: ci/runbot,no_culprit,1,ci_failure,,0,0
163169,2026-05-20T05:12:14Z,2026-05-20,05,5536,merged,3,3,,,,,,,,
163178,2026-05-20T06:44:39Z,2026-05-20,06,2472,failed,3,3,,odoo/odoo: ci/runbot,no_culprit,1,ci_failure,,0,0
163186,2026-05-20T07:26:02Z,2026-05-20,07,7334,merged,2,2,,,,,,,,
163204,2026-05-20T09:28:22Z,2026-05-20,09,6603,merged,1,1,,,,,,,,
163215,2026-05-20T11:19:48Z,2026-05-20,11,5240,failed,16,17,,odoo/enterprise: ci/runbot,no_culprit,1,ci_failure,,0,0
163225,2026-05-20T12:47:34Z,2026-05-20,12,7880,merged,8,9,,,,,,,,
163239,2026-05-20T14:59:13Z,2026-05-20,14,5696,merged,7,7,,,,,,,,
163250,2026-05-20T16:35:45Z,2026-05-20,16,5692,merged,16,22,,,,,,,,
163255,2026-05-20T18:12:06Z,2026-05-20,18,6901,merged,16,18,,,,,,,,
163262,2026-05-20T20:08:04Z,2026-05-20,20,5662,merged,16,17,,,,,,,,
163272,2026-05-20T21:42:51Z,2026-05-20,21,3495,failed,10,11,,odoo/odoo: ci/runbot,no_culprit,1,ci_failure,,0,0
163274,2026-05-20T22:41:21Z,2026-05-20,22,6549,merged,5,6,,,,,,,,
163278,2026-05-21T00:30:41Z,2026-05-21,00,3702,failed,5,5,,odoo/enterprise: ci/runbot,no_culprit,1,ci_failure,,0,0
163279,2026-05-21T01:32:34Z,2026-05-21,01,4431,failed,3,3,,odoo/enterprise: ci/runbot,no_culprit,1,ci_failure,,0,0
163283,2026-05-21T02:46:34Z,2026-05-21,02,3877,failed,2,2,,odoo/enterprise: ci/runbot,no_culprit,1,ci_failure,,0,0
163285,2026-05-21T03:51:33Z,2026-05-21,03,4765,merged,1,1,,,,,,,,
163294,2026-05-21T05:11:04Z,2026-05-21,05,6572,merged,1,1,,,,,,,,
163312,2026-05-21T07:01:07Z,2026-05-21,07,5206,merged,1,1,,,,,,,,
163320,2026-05-21T08:28:01Z,2026-05-21,08,5244,merged,2,2,,,,,,,,
163331,2026-05-21T09:56:37Z,2026-05-21,09,7102,merged,16,22,,,,,,,,
163346,2026-05-21T11:55:58Z,2026-05-21,11,5186,merged,16,16,,,,,,,,
163354,2026-05-21T13:23:53Z,2026-05-21,13,6171,merged,16,18,,,,,,,,
163363,2026-05-21T15:08:15Z,2026-05-21,15,4517,failed,16,20,,odoo/enterprise: ci/runbot,no_culprit,1,ci_failure,,0,0
163372,2026-05-21T16:24:12Z,2026-05-21,16,4949,merged,8,12,,,,,,,,
163379,2026-05-21T17:46:59Z,2026-05-21,17,5859,merged,8,8,,,,,,,,
163388,2026-05-21T19:25:25Z,2026-05-21,19,2049,failed,16,18,,odoo/odoo: ci/runbot,attributed_to_flaky,1,ci_failure,odoo/odoo#265308,0,0
163391,2026-05-21T19:59:55Z,2026-05-21,19,3752,failed,8,9,,odoo/enterprise: ci/runbot,attributed_to_flaky,1,ci_failure,odoo/odoo#265308,0,0
163397,2026-05-21T21:02:40Z,2026-05-21,21,3340,failed,4,4,,odoo/enterprise: ci/runbot,no_culprit,1,ci_failure,,0,0
163398,2026-05-21T21:58:29Z,2026-05-21,21,5658,merged,2,2,,,,,,,,
163408,2026-05-21T23:32:54Z,2026-05-21,23,4187,failed,2,2,,odoo/enterprise: ci/runbot,no_culprit,1,ci_failure,,0,0
163411,2026-05-22T00:42:48Z,2026-05-22,00,7082,merged,1,1,,,,,,,,
163414,2026-05-22T02:40:57Z,2026-05-22,02,5041,merged,1,1,,,,,,,,
163415,2026-05-22T04:05:13Z,2026-05-22,04,1921,failed,4,5,,odoo/odoo: ci/runbot,attributed_to_flaky,1,ci_failure,odoo/odoo#265308,0,0
163420,2026-05-22T04:37:23Z,2026-05-22,04,6022,merged,2,2,,,,,,,,
163429,2026-05-22T06:17:54Z,2026-05-22,06,1324,failed,2,3,,odoo/odoo: ci/runbot,attributed_to_flaky,1,ci_failure,odoo/odoo#265308,0,0
163432,2026-05-22T06:40:05Z,2026-05-22,06,2552,failed,1,1,ci/runbot on 71ac730f46bdc66d5e020d6f87b3b6662d93d659 (view more at https://runbot.odoo.com/runbot/batch/2542375/build/111583805),odoo/enterprise: ci/runbot,flaky_retry,1,ci_failure,,1,0
163436,2026-05-22T07:23:28Z,2026-05-22,07,808,killed,16,18,odoo/odoo#265570 unreviewed (r-) by xmo-odoo,,,,,,,
163469,2026-05-22T11:00:31Z,2026-05-22,11,499,merged,1,2,,,,,,,,
163470,2026-05-22T11:09:59Z,2026-05-22,11,4659,merged,16,20,,,,,,,,
163481,2026-05-22T12:31:28Z,2026-05-22,12,5957,merged,16,17,,,,,,,,
163492,2026-05-22T14:11:59Z,2026-05-22,14,4277,failed,16,22,,odoo/odoo: ci/runbot,attributed_to_flaky,1,ci_failure,odoo/enterprise#117031|odoo/odoo#264031|odoo/upgrade#10199,0,0
163500,2026-05-22T15:23:49Z,2026-05-22,15,1797,failed,8,14,,odoo/enterprise: ci/runbot,attributed_to_flaky,1,ci_failure,odoo/enterprise#117031|odoo/odoo#264031|odoo/upgrade#10199,0,0
163504,2026-05-22T15:54:01Z,2026-05-22,15,5980,merged,4,6,,,,,,,,
163515,2026-05-22T17:33:59Z,2026-05-22,17,4657,failed,4,8,,odoo/enterprise: ci/runbot,attributed_to_flaky,1,ci_failure,odoo/enterprise#117031|odoo/odoo#264031|odoo/upgrade#10199,0,0
163521,2026-05-22T18:51:50Z,2026-05-22,18,5620,failed,2,5,,odoo/enterprise: ci/runbot,attributed_to_flaky,1,ci_failure,odoo/enterprise#117031|odoo/odoo#264031|odoo/upgrade#10199,0,0
163531,2026-05-22T20:25:42Z,2026-05-22,20,3969,failed,1,3,ci/runbot (view more at https://runbot.odoo.com/runbot/batch/2544387/build/111686384),odoo/odoo: ci/runbot,flaky_retry,1,ci_failure,,1,0
163537,2026-05-22T21:32:52Z,2026-05-22,21,4301,failed,16,18,,odoo/enterprise: ci/l10n,no_culprit,1,ci_failure,,0,0
163545,2026-05-22T22:44:52Z,2026-05-22,22,3878,failed,8,9,,odoo/enterprise: ci/l10n,no_culprit,1,ci_failure,,0,0
163550,2026-05-22T23:49:42Z,2026-05-22,23,5622,merged,4,5,,,,,,,,
163556,2026-05-23T01:23:34Z,2026-05-23,01,5793,merged,4,4,,,,,,,,
163559,2026-05-23T03:00:26Z,2026-05-23,03,6063,merged,8,9,,,,,,,,
163561,2026-05-23T04:42:26Z,2026-05-23,04,1098,failed,16,16,,odoo/enterprise: ci/l10n,no_culprit,1,ci_failure,,0,0
163562,2026-05-23T05:01:02Z,2026-05-23,05,4549,merged,8,8,,,,,,,,
163563,2026-05-23T06:17:08Z,2026-05-23,06,5225,merged,8,8,,,,,,,,
163566,2026-05-23T07:44:44Z,2026-05-23,07,3939,failed,16,16,,odoo/enterprise: ci/runbot,no_culprit,1,ci_failure,,0,0
163568,2026-05-23T08:50:41Z,2026-05-23,08,1241,failed,8,8,,odoo/enterprise: ci/runbot,no_culprit,1,ci_failure,,0,0
163569,2026-05-23T09:11:33Z,2026-05-23,09,1994,failed,4,4,,odoo/enterprise: ci/runbot,no_culprit,1,ci_failure,,0,0
163571,2026-05-23T09:44:54Z,2026-05-23,09,4787,killed,2,2,Fast Forward Failed,,,,,,,
163577,2026-05-23T11:05:47Z,2026-05-23,11,4635,merged,2,2,,,,,,,,
163579,2026-05-23T12:23:13Z,2026-05-23,12,2202,failed,4,4,,odoo/enterprise: ci/upgrade_enterprise,no_culprit,1,ci_failure,,0,0
163580,2026-05-23T13:00:03Z,2026-05-23,13,3847,merged,2,2,,,,,,,,
163582,2026-05-23T14:04:17Z,2026-05-23,14,2784,merged,2,2,,,,,,,,
163583,2026-05-23T14:50:57Z,2026-05-23,14,3194,failed,8,8,,odoo/enterprise: ci/runbot,no_culprit,1,ci_failure,,0,0
163590,2026-05-23T15:44:22Z,2026-05-23,15,4718,merged,4,4,,,,,,,,
163593,2026-05-23T17:03:11Z,2026-05-23,17,4522,merged,4,4,,,,,,,,
163594,2026-05-23T18:19:04Z,2026-05-23,18,6492,merged,16,17,,,,,,,,
163595,2026-05-23T20:07:43Z,2026-05-23,20,4082,failed,12,14,,odoo/enterprise: ci/runbot,no_culprit,1,ci_failure,,0,0
163599,2026-05-23T21:15:59Z,2026-05-23,21,4554,failed,6,6,,odoo/enterprise: ci/l10n,no_culprit,1,ci_failure,,0,0
163600,2026-05-23T22:32:02Z,2026-05-23,22,3427,failed,3,3,,odoo/enterprise: ci/l10n,no_culprit,1,ci_failure,,0,0
163601,2026-05-23T23:29:18Z,2026-05-23,23,1186,merged,2,2,,,,,,,,
163602,2026-05-23T23:49:10Z,2026-05-23,23,5876,merged,1,1,,,,,,,,
163604,2026-05-24T01:27:16Z,2026-05-24,01,5244,merged,3,3,,,,,,,,
163605,2026-05-24T02:54:56Z,2026-05-24,02,4363,merged,6,8,,,,,,,,
163627,2026-05-25T04:25:32Z,2026-05-25,04,1983,failed,1,1,ci/runbot (view more at https://runbot.odoo.com/runbot/batch/2545127/build/111855962),odoo/enterprise: ci/runbot,flaky_retry,1,ci_failure,,1,0
163628,2026-05-25T04:58:46Z,2026-05-25,04,5012,merged,3,4,,,,,,,,
163636,2026-05-25T06:22:29Z,2026-05-25,06,4193,merged,4,4,,,,,,,,
163640,2026-05-25T07:32:41Z,2026-05-25,07,5711,killed,3,3,Fast Forward Failed,,,,,,,
163647,2026-05-25T09:08:20Z,2026-05-25,09,71,failed,6,6,Failed pushing to odoo/upgrade,,no_culprit,1,unknown,,0,0
163679,2026-05-26T05:37:08Z,2026-05-26,05,4908,merged,16,16,,,,,,,,
163689,2026-05-26T06:59:46Z,2026-05-26,06,2311,failed,10,11,,odoo/odoo: ci/runbot,no_culprit,1,ci_failure,,0,0
163697,2026-05-26T07:38:35Z,2026-05-26,07,3080,failed,5,6,,odoo/enterprise: ci/runbot,no_culprit,1,ci_failure,,0,0
163704,2026-05-26T08:30:08Z,2026-05-26,08,3952,failed,3,4,,odoo/enterprise: ci/runbot,no_culprit,1,ci_failure,,0,0
163711,2026-05-26T09:36:11Z,2026-05-26,09,5087,failed,2,3,,odoo/odoo: ci/runbot,no_culprit,1,ci_failure,,0,0
163717,2026-05-26T11:01:06Z,2026-05-26,11,6749,merged,1,2,,,,,,,,
163725,2026-05-26T12:53:42Z,2026-05-26,12,5718,merged,1,1,,,,,,,,
163736,2026-05-26T14:29:06Z,2026-05-26,14,6341,merged,1,1,,,,,,,,
163746,2026-05-26T16:14:57Z,2026-05-26,16,4673,merged,2,2,,,,,,,,
163755,2026-05-26T17:33:37Z,2026-05-26,17,4418,failed,5,5,,odoo/enterprise: ci/runbot,no_culprit,1,ci_failure,,0,0
163760,2026-05-26T18:47:26Z,2026-05-26,18,5821,merged,3,3,,,,,,,,
163766,2026-05-26T20:24:35Z,2026-05-26,20,6896,merged,2,2,,,,,,,,
163774,2026-05-26T22:20:47Z,2026-05-26,22,4232,failed,16,22,,odoo/enterprise: ci/l10n,no_culprit,1,ci_failure,,0,0
163782,2026-05-26T23:31:46Z,2026-05-26,23,7806,merged,8,13,,,,,,,,
163788,2026-05-27T01:42:14Z,2026-05-27,01,4735,merged,8,9,,,,,,,,
163789,2026-05-27T03:01:43Z,2026-05-27,03,2094,failed,16,16,,odoo/enterprise: ci/runbot,no_culprit,1,ci_failure,,0,0
163790,2026-05-27T03:36:55Z,2026-05-27,03,7160,merged,8,8,,,,,,,,
163799,2026-05-27T05:36:39Z,2026-05-27,05,6688,merged,8,8,,,,,,,,
163818,2026-05-27T07:29:29Z,2026-05-27,07,6547,merged,16,23,,,,,,,,
163829,2026-05-27T09:19:54Z,2026-05-27,09,5693,merged,16,18,,,,,,,,
163838,2026-05-27T10:56:06Z,2026-05-27,10,1489,failed,16,18,,odoo/enterprise: ci/runbot,attributed_real,0,ci_failure,odoo/odoo#265807,0,0
163842,2026-05-27T11:21:19Z,2026-05-27,11,2151,failed,8,10,,odoo/odoo: ci/runbot,attributed_real,0,ci_failure,odoo/odoo#265807,0,0
163847,2026-05-27T12:29:46Z,2026-05-27,12,5880,failed,4,6,,odoo/odoo: ci/runbot,attributed_real,0,ci_failure,odoo/odoo#265807,0,0
163855,2026-05-27T14:07:59Z,2026-05-27,14,5730,merged,2,3,,,,,,,,
163864,2026-05-27T15:43:41Z,2026-05-27,15,1261,failed,2,3,,odoo/enterprise: ci/runbot,attributed_real,0,ci_failure,odoo/odoo#265807,0,0
163865,2026-05-27T16:04:51Z,2026-05-27,16,4571,merged,1,2,,,,,,,,
163873,2026-05-27T17:21:08Z,2026-05-27,17,518,failed,1,1,ci/runbot (view more at https://runbot.odoo.com/runbot/batch/2550023/build/112109994),odoo/odoo: ci/runbot,fixed,0,ci_failure,,1,0
163874,2026-05-27T17:30:55Z,2026-05-27,17,6168,merged,16,20,,,,,,,,
163878,2026-05-27T19:14:39Z,2026-05-27,19,5771,merged,16,17,,,,,,,,
163884,2026-05-27T20:51:30Z,2026-05-27,20,4861,merged,16,19,,,,,,,,
163891,2026-05-27T22:14:12Z,2026-05-27,22,5031,failed,16,20,,odoo/enterprise: ci/l10n,no_culprit,1,ci_failure,,0,0
163895,2026-05-27T23:38:26Z,2026-05-27,23,7525,merged,8,11,,,,,,,,
163902,2026-05-28T01:44:09Z,2026-05-28,01,4537,merged,8,9,,,,,,,,
163903,2026-05-28T03:00:19Z,2026-05-28,03,2685,failed,16,16,,odoo/enterprise: ci/runbot,no_culprit,1,ci_failure,,0,0
163906,2026-05-28T03:45:24Z,2026-05-28,03,5048,merged,8,8,,,,,,,,
163912,2026-05-28T05:09:50Z,2026-05-28,05,5022,merged,8,8,,,,,,,,
163920,2026-05-28T06:34:15Z,2026-05-28,06,1841,failed,16,16,,odoo/enterprise: ci/runbot,no_culprit,1,ci_failure,,0,0
163922,2026-05-28T07:05:47Z,2026-05-28,07,4487,merged,8,8,,,,,,,,
163935,2026-05-28T08:20:52Z,2026-05-28,08,5625,merged,8,8,,,,,,,,
163947,2026-05-28T09:55:45Z,2026-05-28,09,9000,failed,16,19,timed out,,no_culprit,1,timeout,,0,0
163965,2026-05-28T12:26:12Z,2026-05-28,12,5186,merged,8,11,,,,,,,,
163976,2026-05-28T13:53:00Z,2026-05-28,13,5422,merged,8,8,,,,,,,,
163984,2026-05-28T15:24:56Z,2026-05-28,15,1344,failed,16,22,,odoo/enterprise: ci/runbot,attributed_real,0,ci_failure,odoo/enterprise#105885|odoo/enterprise#117210|odoo/odoo#246336|odoo/odoo#263815,0,0
163990,2026-05-28T15:47:48Z,2026-05-28,15,1482,failed,8,10,,odoo/enterprise: ci/runbot,attributed_real,0,ci_failure,odoo/enterprise#105885|odoo/enterprise#117210|odoo/odoo#246336|odoo/odoo#263815,0,0
163994,2026-05-28T16:12:44Z,2026-05-28,16,4417,merged,4,4,,,,,,,,
164002,2026-05-28T17:26:38Z,2026-05-28,17,1255,failed,4,6,,odoo/enterprise: ci/runbot,attributed_real,0,ci_failure,odoo/enterprise#105885|odoo/enterprise#117210|odoo/odoo#246336|odoo/odoo#263815,0,0
164004,2026-05-28T17:47:45Z,2026-05-28,17,2379,failed,2,4,,odoo/enterprise: ci/runbot,attributed_real,0,ci_failure,odoo/enterprise#105885|odoo/enterprise#117210|odoo/odoo#246336|odoo/odoo#263815,0,0
164007,2026-05-28T18:27:34Z,2026-05-28,18,2192,failed,1,2,ci/runbot (view more at https://runbot.odoo.com/runbot/batch/2552629/build/112288996),odoo/enterprise: ci/runbot,fixed,0,ci_failure,,1,1
164012,2026-05-28T19:06:19Z,2026-05-28,19,3228,failed,16,25,,odoo/enterprise: ci/runbot,attributed_real,0,ci_failure,odoo/enterprise#117210|odoo/odoo#263815,0,1
164021,2026-05-28T20:00:32Z,2026-05-28,20,9000,failed,8,9,timed out,,attributed_real,0,timeout,odoo/enterprise#117210|odoo/odoo#263815,0,0
164036,2026-05-28T22:30:46Z,2026-05-28,22,476,failed,4,5,,odoo/enterprise: ci/runbot,attributed_real,0,ci_failure,odoo/enterprise#117210|odoo/odoo#263815,0,0
164037,2026-05-28T22:38:51Z,2026-05-28,22,3587,failed,2,3,,odoo/enterprise: ci/l10n,attributed_real,0,ci_failure,odoo/enterprise#117210|odoo/odoo#263815,0,0
164043,2026-05-28T23:39:20Z,2026-05-28,23,9003,failed,1,2,timed out (&gt;150 minutes),,fixed,0,timeout,,0,0
164054,2026-05-29T02:10:41Z,2026-05-29,02,4630,merged,16,24,,,,,,,,
164057,2026-05-29T03:28:30Z,2026-05-29,03,5620,merged,16,20,,,,,,,,
164064,2026-05-29T05:02:45Z,2026-05-29,05,5069,merged,16,18,,,,,,,,
164076,2026-05-29T06:27:47Z,2026-05-29,06,4394,merged,16,16,,,,,,,,
164088,2026-05-29T07:42:11Z,2026-05-29,07,5308,merged,16,16,,,,,,,,
164099,2026-05-29T09:11:57Z,2026-05-29,09,234,killed,16,16,odoo/odoo#266923 updated by sauc-odoo,,,,,,,
164100,2026-05-29T09:16:32Z,2026-05-29,09,3125,failed,16,16,,odoo/enterprise: ci/runbot,no_culprit,1,ci_failure,,0,0
164109,2026-05-29T10:08:57Z,2026-05-29,10,6301,merged,8,8,,,,,,,,
164120,2026-05-29T11:54:16Z,2026-05-29,11,557,failed,8,8,,odoo/enterprise: ci/runbot,no_culprit,1,ci_failure,,0,0
164122,2026-05-29T12:03:46Z,2026-05-29,12,6224,merged,4,4,,,,,,,,
164132,2026-05-29T13:47:43Z,2026-05-29,13,5978,merged,4,4,,,,,,,,
164143,2026-05-29T15:28:31Z,2026-05-29,15,1930,failed,16,19,,odoo/odoo: ci/runbot,attributed_real,0,ci_failure,odoo/enterprise#111798|odoo/odoo#254687,0,0
164147,2026-05-29T16:01:04Z,2026-05-29,16,576,failed,8,9,,odoo/enterprise: ci/runbot,attributed_real,0,ci_failure,odoo/enterprise#111798|odoo/odoo#254687,0,0
164148,2026-05-29T16:10:55Z,2026-05-29,16,2514,failed,4,5,,odoo/enterprise: ci/runbot,attributed_real,0,ci_failure,odoo/enterprise#111798|odoo/odoo#254687,0,0
164154,2026-05-29T16:52:57Z,2026-05-29,16,4404,merged,2,2,,,,,,,,
164160,2026-05-29T18:06:32Z,2026-05-29,18,3191,failed,2,3,,odoo/enterprise: ci/runbot,attributed_real,0,ci_failure,odoo/enterprise#111798|odoo/odoo#254687,0,0
164166,2026-05-29T18:59:50Z,2026-05-29,18,5870,merged,1,1,,,,,,,,
164173,2026-05-29T20:37:48Z,2026-05-29,20,2502,failed,1,2,ci/runbot (view more at https://runbot.odoo.com/runbot/batch/2555265/build/112416598),odoo/enterprise: ci/runbot,fixed,0,ci_failure,,1,0
164177,2026-05-29T21:20:42Z,2026-05-29,21,2978,failed,16,20,,odoo/enterprise: ci/l10n,no_culprit,1,ci_failure,,0,0
164182,2026-05-29T22:10:40Z,2026-05-29,22,3152,failed,8,9,,odoo/enterprise: ci/l10n,no_culprit,1,ci_failure,,0,0
164190,2026-05-29T23:03:24Z,2026-05-29,23,4255,failed,4,4,,odoo/enterprise: ci/l10n,no_culprit,1,ci_failure,,0,0
164197,2026-05-30T00:14:27Z,2026-05-30,00,6005,merged,2,2,,,,,,,,
164201,2026-05-30T01:54:40Z,2026-05-30,01,6048,merged,2,2,,,,,,,,
164205,2026-05-30T03:35:40Z,2026-05-30,03,6427,merged,4,5,,,,,,,,
164210,2026-05-30T05:23:09Z,2026-05-30,05,5301,merged,8,11,,,,,,,,
164215,2026-05-30T06:52:07Z,2026-05-30,06,3152,failed,16,20,,odoo/enterprise: ci/runbot,attributed_real,0,ci_failure,odoo/odoo#266702,0,0
164220,2026-05-30T07:45:00Z,2026-05-30,07,3793,merged,8,11,,,,,,,,
164223,2026-05-30T08:48:31Z,2026-05-30,08,2579,failed,8,9,,odoo/enterprise: ci/runbot,attributed_real,0,ci_failure,odoo/odoo#266702,0,0
164226,2026-05-30T09:31:57Z,2026-05-30,09,3159,failed,4,4,,odoo/enterprise: ci/runbot,attributed_real,0,ci_failure,odoo/odoo#266702,0,0
164229,2026-05-30T10:24:44Z,2026-05-30,10,440,failed,2,2,,odoo/enterprise: ci/runbot,no_culprit,1,ci_failure,,0,0
164230,2026-05-30T10:32:36Z,2026-05-30,10,4199,merged,1,1,,,,,,,,
164232,2026-05-30T11:43:25Z,2026-05-30,11,3831,merged,1,1,,,,,,,,
164233,2026-05-30T12:47:23Z,2026-05-30,12,411,failed,2,2,,odoo/odoo: ci/runbot,attributed_real,0,ci_failure,odoo/odoo#266702,0,0
164234,2026-05-30T12:54:20Z,2026-05-30,12,4014,merged,1,1,,,,,,,,
164237,2026-05-30T14:01:20Z,2026-05-30,14,3269,failed,1,1,ci/runbot (view more at https://runbot.odoo.com/runbot/batch/2555714/build/112447778),odoo/odoo: ci/runbot,fixed,0,ci_failure,,1,0
164238,2026-05-30T14:56:33Z,2026-05-30,14,1717,failed,16,18,,odoo/enterprise: ci/runbot,no_culprit,1,ci_failure,,0,0
164239,2026-05-30T15:25:29Z,2026-05-30,15,4216,merged,8,9,,,,,,,,
164241,2026-05-30T16:36:02Z,2026-05-30,16,4872,merged,8,9,,,,,,,,
164249,2026-05-30T17:57:43Z,2026-05-30,17,3001,failed,16,16,,odoo/odoo: ci/runbot,attributed_to_flaky,1,ci_failure,odoo/enterprise#118818,0,0
164251,2026-05-30T18:48:02Z,2026-05-30,18,2532,failed,8,8,,odoo/enterprise: ci/runbot,attributed_to_flaky,1,ci_failure,odoo/enterprise#118818,0,0
164255,2026-05-30T19:30:25Z,2026-05-30,19,5752,merged,4,4,,,,,,,,
164257,2026-05-30T21:06:27Z,2026-05-30,21,2038,failed,4,4,,odoo/odoo: ci/runbot,attributed_to_flaky,1,ci_failure,odoo/enterprise#118818,0,0
164258,2026-05-30T21:40:32Z,2026-05-30,21,519,failed,2,2,,odoo/odoo: ci/runbot,attributed_to_flaky,1,ci_failure,odoo/enterprise#118818,0,0
164260,2026-05-30T21:49:17Z,2026-05-30,21,3362,failed,1,1,ci/l10n (view more at https://runbot.odoo.com/runbot/batch/2555896/build/112512784),odoo/enterprise: ci/l10n,flaky_retry,1,ci_failure,,1,1
164261,2026-05-30T22:45:50Z,2026-05-30,22,5372,failed,16,17,,odoo/enterprise: ci/l10n,no_culprit,1,ci_failure,,0,1
164262,2026-05-31T00:15:45Z,2026-05-31,00,5415,merged,8,8,,,,,,,,
164263,2026-05-31T01:46:19Z,2026-05-31,01,4894,merged,8,9,,,,,,,,
164264,2026-05-31T03:08:35Z,2026-05-31,03,5406,merged,1,1,,,,,,,,
164266,2026-05-31T05:13:44Z,2026-05-31,05,3417,failed,1,1,ci/runbot on 8105637439d17855f4ee56309e85c7c95e49a242 (view more at https://runbot.odoo.com/runbot/batch/2555998/build/112523112),odoo/enterprise: ci/runbot,flaky_retry,1,ci_failure,,1,0
164269,2026-05-31T10:31:37Z,2026-05-31,10,5406,merged,1,1,,,,,,,,
164277,2026-05-31T15:21:00Z,2026-05-31,15,1597,merged,1,1,,,,,,,,
164279,2026-06-01T03:49:25Z,2026-06-01,03,1536,failed,1,3,ci/runbot (view more at https://runbot.odoo.com/runbot/batch/2556107/build/112596304),odoo/enterprise: ci/runbot,flaky_retry,1,ci_failure,,1,1
164282,2026-06-01T04:31:44Z,2026-06-01,04,2329,failed,1,1,ci/runbot (view more at https://runbot.odoo.com/runbot/batch/2556115/build/112596566),odoo/enterprise: ci/runbot,flaky_retry,1,ci_failure,,1,1
164286,2026-06-01T05:10:40Z,2026-06-01,05,4290,merged,2,2,,,,,,,,
164299,2026-06-01T06:22:56Z,2026-06-01,06,4605,merged,7,10,,,,,,,,
164309,2026-06-01T07:40:36Z,2026-06-01,07,5174,merged,12,16,,,,,,,,
164320,2026-06-01T09:07:53Z,2026-06-01,09,673,failed,16,17,,odoo/enterprise: ci/runbot,attributed_real,0,ci_failure,odoo/odoo#265807,0,0
164325,2026-06-01T09:19:28Z,2026-06-01,09,6088,merged,8,9,,,,,,,,
164339,2026-06-01T11:01:30Z,2026-06-01,11,1342,failed,8,8,,odoo/enterprise: ci/runbot,attributed_real,0,ci_failure,odoo/odoo#265807,0,0
164341,2026-06-01T11:24:04Z,2026-06-01,11,5475,merged,4,4,,,,,,,,
164346,2026-06-01T12:55:30Z,2026-06-01,12,1356,failed,4,4,,odoo/enterprise: ci/runbot,attributed_real,0,ci_failure,odoo/odoo#265807,0,0
164351,2026-06-01T13:18:14Z,2026-06-01,13,1678,failed,2,2,,odoo/enterprise: ci/runbot,attributed_real,0,ci_failure,odoo/odoo#265807,0,0
164353,2026-06-01T13:46:18Z,2026-06-01,13,5850,merged,1,1,,,,,,,,
164362,2026-06-01T15:23:55Z,2026-06-01,15,1703,failed,1,1,ci/runbot on 55e5f0d9420b6375a499cfb599ee112c33f9d5ac (view more at https://runbot.odoo.com/runbot/batch/2558045/build/112640018),odoo/enterprise: ci/runbot,fixed,0,ci_failure,,1,0
164366,2026-06-01T15:53:34Z,2026-06-01,15,4735,merged,16,21,,,,,,,,
164371,2026-06-01T17:13:35Z,2026-06-01,17,4183,failed,16,18,,odoo/odoo: ci/runbot,attributed_real,0,ci_failure,odoo/enterprise#117620,0,0
164376,2026-06-01T18:23:42Z,2026-06-01,18,6281,merged,8,9,,,,,,,,
164382,2026-06-01T20:08:45Z,2026-06-01,20,2655,failed,8,9,,odoo/enterprise: ci/runbot,attributed_real,0,ci_failure,odoo/enterprise#117620,0,0
164386,2026-06-01T20:53:12Z,2026-06-01,20,5956,merged,4,4,,,,,,,,
164391,2026-06-01T22:32:42Z,2026-06-01,22,3843,failed,4,5,,odoo/enterprise: ci/l10n,attributed_real,0,ci_failure,odoo/enterprise#117620,0,0
164393,2026-06-01T23:36:54Z,2026-06-01,23,3269,failed,2,2,,odoo/enterprise: ci/runbot,attributed_real,0,ci_failure,odoo/enterprise#117620,0,0
164397,2026-06-02T00:31:29Z,2026-06-02,00,3978,merged,1,1,,,,,,,,
164399,2026-06-02T01:37:53Z,2026-06-02,01,2204,failed,1,1,ci/runbot (view more at https://runbot.odoo.com/runbot/batch/2558575/build/112722364),odoo/enterprise: ci/runbot,fixed,0,ci_failure,odoo/enterprise#117620,1,0
164401,2026-06-02T02:15:46Z,2026-06-02,02,6889,merged,16,22,,,,,,,,
164411,2026-06-02T04:11:06Z,2026-06-02,04,2118,failed,15,15,,odoo/enterprise: ci/design-theme,no_culprit,1,ci_failure,,0,0
164415,2026-06-02T04:46:43Z,2026-06-02,04,5725,merged,8,8,,,,,,,,
164423,2026-06-02T06:22:24Z,2026-06-02,06,5717,merged,7,7,,,,,,,,
164437,2026-06-02T07:58:40Z,2026-06-02,07,3357,failed,16,18,,odoo/odoo: ci/runbot,attributed_real,0,ci_failure,odoo/enterprise#117620,0,0
164445,2026-06-02T08:55:03Z,2026-06-02,08,1478,killed,8,10,odoo/odoo#267493 unreviewed (r-) by pipu-odoo,,,,,,,
164449,2026-06-02T09:20:29Z,2026-06-02,09,5508,merged,8,8,,,,,,,,
164459,2026-06-02T10:53:29Z,2026-06-02,10,36,killed,16,23,odoo/enterprise#117620 unreviewed (r-) by tivisse,,,,,,,
164461,2026-06-02T10:55:10Z,2026-06-02,10,6020,merged,16,23,,,,,,,,
164471,2026-06-02T12:36:37Z,2026-06-02,12,2122,failed,16,17,,odoo/odoo: ci/runbot,attributed_real,0,ci_failure,odoo/enterprise#117620|odoo/enterprise#118948,0,0
164481,2026-06-02T13:13:09Z,2026-06-02,13,1588,failed,8,9,,odoo/enterprise: ci/runbot,attributed_real,0,ci_failure,odoo/enterprise#117620|odoo/enterprise#118948,0,0
164483,2026-06-02T13:39:53Z,2026-06-02,13,3842,failed,4,5,,odoo/enterprise: ci/runbot,attributed_real,0,ci_failure,odoo/enterprise#117620,0,0
164495,2026-06-02T14:44:21Z,2026-06-02,14,2269,killed,2,3,odoo/enterprise#116721 unreviewed (r-) by KangOl,,,,,,,
164498,2026-06-02T15:22:36Z,2026-06-02,15,5598,merged,2,2,,,,,,,,
164508,2026-06-02T16:56:06Z,2026-06-02,16,2634,failed,4,4,,odoo/enterprise: ci/runbot,attributed_real,0,ci_failure,odoo/enterprise#118948,0,0
164513,2026-06-02T17:40:09Z,2026-06-02,17,2357,failed,2,2,,odoo/enterprise: ci/runbot,no_culprit,1,ci_failure,,0,0
164520,2026-06-02T18:19:33Z,2026-06-02,18,6947,merged,1,1,,,,,,,,
164527,2026-06-02T20:15:27Z,2026-06-02,20,5860,merged,1,1,,,,,,,,
164533,2026-06-02T21:53:15Z,2026-06-02,21,3995,failed,2,2,,odoo/enterprise: ci/l10n,attributed_real,0,ci_failure,odoo/enterprise#118948,0,0
164538,2026-06-02T22:59:56Z,2026-06-02,22,5601,failed,1,1,ci/l10n (view more at https://runbot.odoo.com/runbot/batch/2561227/build/112838444),odoo/enterprise: ci/l10n,fixed,0,ci_failure,,1,0
164542,2026-06-03T00:34:32Z,2026-06-03,00,2675,failed,16,20,,odoo/enterprise: ci/runbot,attributed_real,0,ci_failure,odoo/enterprise#117620,0,0
164546,2026-06-03T01:19:30Z,2026-06-03,01,2501,failed,8,11,,odoo/enterprise: ci/runbot,attributed_real,0,ci_failure,odoo/enterprise#117620,0,0
164547,2026-06-03T02:01:26Z,2026-06-03,02,2407,failed,4,6,,odoo/enterprise: ci/runbot,attributed_real,0,ci_failure,odoo/enterprise#117620,0,0
164548,2026-06-03T02:41:43Z,2026-06-03,02,5595,merged,2,3,,,,,,,,
164553,2026-06-03T04:15:10Z,2026-06-03,04,2356,failed,2,3,,odoo/enterprise: ci/runbot,attributed_real,0,ci_failure,odoo/enterprise#117620,0,0
164555,2026-06-03T04:54:34Z,2026-06-03,04,1950,failed,1,1,ci/runbot (view more at https://runbot.odoo.com/runbot/batch/2561348/build/112846968),odoo/enterprise: ci/runbot,fixed,0,ci_failure,,1,0
164557,2026-06-03T05:27:51Z,2026-06-03,05,5437,merged,16,20,,,,,,,,
164567,2026-06-03T06:59:14Z,2026-06-03,06,2241,failed,16,17,,odoo/enterprise: ci/runbot,no_culprit,1,ci_failure,,0,0
164572,2026-06-03T07:36:56Z,2026-06-03,07,6397,merged,8,9,,,,,,,,
164583,2026-06-03T09:23:53Z,2026-06-03,09,5438,merged,8,8,,,,,,,,
164592,2026-06-03T10:55:42Z,2026-06-03,10,6338,merged,16,20,,,,,,,,
164606,2026-06-03T12:42:42Z,2026-06-03,12,5708,merged,16,17,,,,,,,,
164616,2026-06-03T14:19:48Z,2026-06-03,14,1908,failed,16,20,,odoo/odoo: ci/runbot,no_culprit,1,ci_failure,,0,0
164619,2026-06-03T14:52:05Z,2026-06-03,14,2417,failed,8,10,,odoo/enterprise: ci/runbot,no_culprit,1,ci_failure,,0,0
164623,2026-06-03T15:32:39Z,2026-06-03,15,5921,merged,4,5,,,,,,,,
164632,2026-06-03T17:11:35Z,2026-06-03,17,6440,merged,3,3,,,,,,,,
164640,2026-06-03T18:59:22Z,2026-06-03,18,6286,merged,8,10,,,,,,,,
164647,2026-06-03T20:45:23Z,2026-06-03,20,2132,failed,16,20,,odoo/design-themes: ci/design-theme,attributed_to_flaky,1,ci_failure,odoo/odoo#267938,0,0
164651,2026-06-03T21:21:23Z,2026-06-03,21,3228,failed,8,11,,odoo/odoo: ci/runbot,attributed_to_flaky,1,ci_failure,odoo/odoo#267938,0,0
164655,2026-06-03T22:15:29Z,2026-06-03,22,4184,failed,4,6,,odoo/enterprise: ci/runbot,attributed_to_flaky,1,ci_failure,odoo/odoo#267938,0,0
164662,2026-06-03T23:25:27Z,2026-06-03,23,3296,failed,2,4,,odoo/design-themes: ci/design-theme,attributed_to_flaky,1,ci_failure,odoo/odoo#267938,0,0
164664,2026-06-04T00:20:30Z,2026-06-04,00,3124,failed,1,1,ci/runbot on 64d620c1b35bf7bdee511c23e0d7ddc936d2bd57 (view more at https://runbot.odoo.com/runbot/batch/2563746/build/112971971),odoo/enterprise: ci/runbot,flaky_retry,1,ci_failure,,1,0
164666,2026-06-04T01:13:30Z,2026-06-04,01,6838,merged,16,20,,,,,,,,
164670,2026-06-04T03:08:05Z,2026-06-04,03,6029,merged,16,17,,,,,,,,
164675,2026-06-04T04:49:10Z,2026-06-04,04,1924,failed,16,18,,odoo/enterprise: ci/runbot,no_culprit,1,ci_failure,,0,0
164678,2026-06-04T05:21:36Z,2026-06-04,05,5823,merged,8,9,,,,,,,,
164687,2026-06-04T06:58:59Z,2026-06-04,06,5927,merged,8,9,,,,,,,,
164695,2026-06-04T08:38:56Z,2026-06-04,08,5723,merged,16,20,,,,,,,,
164705,2026-06-04T10:15:33Z,2026-06-04,10,6324,merged,16,20,,,,,,,,
164715,2026-06-04T12:02:03Z,2026-06-04,12,2357,failed,16,17,,odoo/design-themes: ci/design-theme,no_culprit,1,ci_failure,,0,0
164720,2026-06-04T12:42:04Z,2026-06-04,12,6451,merged,8,9,,,,,,,,
164732,2026-06-04T14:29:55Z,2026-06-04,14,5767,merged,8,8,,,,,,,,
164743,2026-06-04T16:07:17Z,2026-06-04,16,1508,failed,16,18,,odoo/enterprise: ci/design-theme,attributed_real,0,ci_failure,odoo/enterprise#117872|odoo/enterprise#118128,0,0
164746,2026-06-04T16:32:45Z,2026-06-04,16,1478,failed,8,8,,odoo/design-themes: ci/design-theme,attributed_real,0,ci_failure,odoo/enterprise#117872|odoo/enterprise#118128,0,0
164750,2026-06-04T16:57:36Z,2026-06-04,16,6251,merged,4,4,,,,,,,,
164757,2026-06-04T18:42:00Z,2026-06-04,18,1633,failed,4,4,,odoo/odoo: ci/design-theme,attributed_real,0,ci_failure,odoo/enterprise#117872|odoo/enterprise#118128,0,0
164759,2026-06-04T19:09:23Z,2026-06-04,19,2253,failed,2,2,,odoo/enterprise: ci/runbot,attributed_to_flaky,1,ci_failure,odoo/enterprise#117872,0,0
164760,2026-06-04T19:47:04Z,2026-06-04,19,208,failed,1,1,ci/design-theme (view more at https://runbot.odoo.com/runbot/batch/2566268/build/113037739),odoo/enterprise: ci/design-theme,flaky_retry,1,ci_failure,,1,2
164761,2026-06-04T19:51:44Z,2026-06-04,19,1472,failed,16,20,,odoo/enterprise: ci/design-theme,attributed_real,0,ci_failure,odoo/enterprise#118128,0,1
164767,2026-06-04T20:16:37Z,2026-06-04,20,1522,failed,8,9,,odoo/enterprise: ci/design-theme,attributed_real,0,ci_failure,odoo/enterprise#118128,0,1
164770,2026-06-04T20:42:12Z,2026-06-04,20,1384,failed,4,4,,odoo/design-themes: ci/design-theme,attributed_real,0,ci_failure,odoo/enterprise#118128,0,0
164771,2026-06-04T21:05:25Z,2026-06-04,21,3602,merged,2,2,,,,,,,,
164777,2026-06-04T22:05:36Z,2026-06-04,22,1476,failed,2,2,,odoo/design-themes: ci/design-theme,attributed_real,0,ci_failure,odoo/enterprise#118128,0,0
164778,2026-06-04T22:30:20Z,2026-06-04,22,2242,failed,1,1,ci/design-theme (view more at https://runbot.odoo.com/runbot/batch/2566396/build/113101563),odoo/enterprise: ci/design-theme,fixed,0,ci_failure,,1,0
164780,2026-06-04T23:08:24Z,2026-06-04,23,7630,merged,16,21,,,,,,,,
164782,2026-06-05T01:16:07Z,2026-06-05,01,5850,merged,16,16,,,,,,,,
164783,2026-06-05T02:54:11Z,2026-06-05,02,5706,merged,16,16,,,,,,,,
164790,2026-06-05T04:30:18Z,2026-06-05,04,2059,failed,11,12,,odoo/enterprise: ci/design-theme,no_culprit,1,ci_failure,,0,0
164793,2026-06-05T05:04:53Z,2026-06-05,05,1485,failed,6,6,,odoo/enterprise: ci/l10n,no_culprit,1,ci_failure,,0,0
164796,2026-06-05T05:29:49Z,2026-06-05,05,5610,merged,3,3,,,,,,,,
164818,2026-06-05T07:03:30Z,2026-06-05,07,5620,merged,3,3,,,,,,,,
164835,2026-06-05T08:37:25Z,2026-06-05,08,5463,merged,5,6,,,,,,,,
164843,2026-06-05T10:09:37Z,2026-06-05,10,7148,merged,16,17,,,,,,,,
164854,2026-06-05T12:09:53Z,2026-06-05,12,5850,merged,16,18,,,,,,,,
164864,2026-06-05T13:48:37Z,2026-06-05,13,5659,merged,16,17,,,,,,,,
164872,2026-06-05T15:24:21Z,2026-06-05,15,5941,merged,16,21,,,,,,,,
164881,2026-06-05T17:04:23Z,2026-06-05,17,7820,merged,16,16,,,,,,,,
164891,2026-06-05T19:15:16Z,2026-06-05,19,1719,failed,6,6,,odoo/enterprise: ci/runbot,attributed_to_flaky,1,ci_failure,odoo/odoo#268626,0,0
164894,2026-06-05T19:44:06Z,2026-06-05,19,5761,merged,3,3,,,,,,,,
164903,2026-06-05T21:20:17Z,2026-06-05,21,1973,failed,3,3,,odoo/enterprise: ci/runbot,attributed_to_flaky,1,ci_failure,odoo/odoo#268626,0,0
164904,2026-06-05T21:53:20Z,2026-06-05,21,3491,failed,2,2,,odoo/enterprise: ci/runbot,attributed_to_flaky,1,ci_failure,odoo/odoo#268626,0,0
164908,2026-06-05T22:51:39Z,2026-06-05,22,3239,failed,1,1,ci/runbot on 7363224fa22794c934dec43164b4fda5c76ef9df (view more at https://runbot.odoo.com/runbot/batch/2568690/build/113227692),odoo/enterprise: ci/runbot,flaky_retry,1,ci_failure,odoo/odoo#268626,1,1
164910,2026-06-05T23:46:08Z,2026-06-05,23,1711,failed,6,9,,odoo/enterprise: ci/runbot,no_culprit,1,ci_failure,,0,1
164912,2026-06-06T00:14:55Z,2026-06-06,00,5965,merged,3,6,,,,,,,,
164917,2026-06-06T01:54:30Z,2026-06-06,01,2507,failed,3,3,,odoo/enterprise: ci/runbot,no_culprit,1,ci_failure,,0,0
164920,2026-06-06T02:36:31Z,2026-06-06,02,6007,merged,2,2,,,,,,,,
164926,2026-06-06T04:16:47Z,2026-06-06,04,5878,merged,1,1,,,,,,,,
164933,2026-06-06T05:54:54Z,2026-06-06,05,5687,merged,3,3,,,,,,,,
164951,2026-06-06T08:44:20Z,2026-06-06,08,2649,failed,1,1,ci/runbot on 7aeeb255aab2973b49ec6185a84b4d91e20a184b (view more at https://runbot.odoo.com/runbot/batch/2568939/build/113249722),odoo/enterprise: ci/runbot,flaky_retry,1,ci_failure,odoo/odoo#268626,1,0
164959,2026-06-06T12:11:28Z,2026-06-06,12,3695,merged,1,1,,,,,,,,
164961,2026-06-06T13:29:24Z,2026-06-06,13,2714,merged,1,1,,,,,,,,
164970,2026-06-06T14:14:44Z,2026-06-06,14,2526,merged,1,1,,,,,,,,
164978,2026-06-06T17:19:20Z,2026-06-06,17,1492,failed,1,1,ci/runbot on cef9d24e0d4f66a8be4850c96e019a06db19a468 (view more at https://runbot.odoo.com/runbot/batch/2569125/build/113253767),odoo/enterprise: ci/runbot,flaky_retry,1,ci_failure,,1,1
164984,2026-06-06T17:44:21Z,2026-06-06,17,1910,failed,2,2,,odoo/enterprise: ci/runbot,no_culprit,1,ci_failure,,0,1
164985,2026-06-06T18:16:19Z,2026-06-06,18,357,merged,1,1,,,,,,,,
164988,2026-06-06T18:22:23Z,2026-06-06,18,6020,merged,1,1,,,,,,,,
164996,2026-06-06T20:02:53Z,2026-06-06,20,2126,failed,4,4,,odoo/enterprise: ci/runbot,attributed_to_flaky,1,ci_failure,odoo/odoo#268762,0,0
164997,2026-06-06T20:38:26Z,2026-06-06,20,5376,merged,2,2,,,,,,,,
165003,2026-06-06T22:08:09Z,2026-06-06,22,2889,failed,2,2,,odoo/odoo: ci/runbot,attributed_to_flaky,1,ci_failure,odoo/odoo#268762,0,0
165007,2026-06-06T22:56:24Z,2026-06-06,22,4840,failed,1,1,ci/runbot on c5eb1343e06fd600946d0e65c9d72b143694ca86 (view more at https://runbot.odoo.com/runbot/batch/2569289/build/113326777),odoo/enterprise: ci/runbot,flaky_retry,1,ci_failure,odoo/odoo#268762,1,0
165009,2026-06-07T00:17:12Z,2026-06-07,00,7007,merged,2,2,,,,,,,,
165015,2026-06-07T07:32:50Z,2026-06-07,07,9008,failed,1,1,timed out (&gt;150 minutes),,flaky_retry,1,timeout,odoo/odoo#268762,1,0
165016,2026-06-07T10:11:27Z,2026-06-07,10,9034,failed,1,1,timed out (&gt;150 minutes),,flaky_retry,1,timeout,odoo/odoo#268762,1,0
165017,2026-06-07T12:43:43Z,2026-06-07,12,9035,failed,1,1,timed out (&gt;150 minutes),,flaky_retry,1,timeout,,0,0
165023,2026-06-07T18:50:15Z,2026-06-07,18,9005,failed,1,1,timed out (&gt;150 minutes),,flaky_retry,1,timeout,,1,0
165030,2026-06-08T04:25:04Z,2026-06-08,04,4422,killed,1,1,Cancelled by Xavier Morel (xmo),,,,,,,
165038,2026-06-08T05:51:42Z,2026-06-08,05,5017,merged,6,6,,,,,,,,
165048,2026-06-08T07:16:11Z,2026-06-08,07,2461,failed,14,16,,odoo/enterprise: ci/runbot,attributed_to_flaky,1,ci_failure,odoo/odoo#268626,0,0
165053,2026-06-08T07:57:33Z,2026-06-08,07,3039,failed,7,9,,odoo/enterprise: ci/runbot,attributed_to_flaky,1,ci_failure,odoo/odoo#268626,0,0
165061,2026-06-08T08:48:29Z,2026-06-08,08,5761,merged,4,6,,,,,,,,
165069,2026-06-08T10:24:40Z,2026-06-08,10,2902,failed,3,3,,odoo/enterprise: ci/runbot,attributed_to_flaky,1,ci_failure,odoo/odoo#268626,0,0
165076,2026-06-08T11:13:10Z,2026-06-08,11,6291,merged,2,2,,,,,,,,
165085,2026-06-08T12:58:07Z,2026-06-08,12,2424,failed,1,1,ci/runbot on 21188fba15e04cd94b3ba3d95c912214f66974cb (view more at https://runbot.odoo.com/runbot/batch/2570909/build/113416330),odoo/enterprise: ci/runbot,flaky_retry,1,ci_failure,,1,1
165091,2026-06-08T13:39:36Z,2026-06-08,13,2175,failed,16,20,,odoo/enterprise: ci/runbot,no_culprit,1,ci_failure,,0,1
165092,2026-06-08T14:16:14Z,2026-06-08,14,6592,merged,8,9,,,,,,,,
165105,2026-06-08T16:06:29Z,2026-06-08,16,5404,merged,8,11,,,,,,,,
165115,2026-06-08T17:37:38Z,2026-06-08,17,1772,failed,16,19,,odoo/odoo: ci/runbot,attributed_real,0,ci_failure,odoo/odoo#206188|odoo/odoo#267921,0,0
165118,2026-06-08T18:08:06Z,2026-06-08,18,2262,failed,8,8,,odoo/enterprise: ci/runbot,attributed_real,0,ci_failure,odoo/odoo#206188|odoo/odoo#267921,0,0
165122,2026-06-08T18:46:00Z,2026-06-08,18,3029,failed,4,4,,odoo/enterprise: ci/runbot,attributed_real,0,ci_failure,odoo/odoo#206188|odoo/odoo#267921,0,0
165127,2026-06-08T19:36:37Z,2026-06-08,19,795,failed,2,2,,odoo/enterprise: ci/l10n,attributed_real,0,ci_failure,odoo/odoo#206188|odoo/odoo#267921,0,0
165129,2026-06-08T19:49:58Z,2026-06-08,19,3817,failed,1,1,ci/runbot on 3cf6cc6b6a8413fb87a894ae11b07292069aedff (view more at https://runbot.odoo.com/runbot/batch/2571721/build/113487159),odoo/enterprise: ci/runbot,flaky_retry,1,ci_failure,,1,0
165133,2026-06-08T20:54:46Z,2026-06-08,20,3868,failed,16,20,,odoo/odoo: ci/runbot,attributed_real,0,ci_failure,odoo/odoo#267921,0,0
165140,2026-06-08T21:59:31Z,2026-06-08,21,3168,failed,8,8,,odoo/enterprise: ci/runbot,attributed_real,0,ci_failure,odoo/odoo#267921,0,0
165143,2026-06-08T22:52:31Z,2026-06-08,22,3136,failed,4,4,,odoo/enterprise: ci/runbot,attributed_real,0,ci_failure,odoo/odoo#267921,0,0
165145,2026-06-08T23:44:54Z,2026-06-08,23,2798,failed,2,2,,odoo/enterprise: ci/runbot,attributed_real,0,ci_failure,odoo/odoo#267921,0,0
165148,2026-06-09T00:31:42Z,2026-06-09,00,1836,failed,1,1,ci/runbot on a241b7c79bd60d131b8e4d4a418897ff842a50e7 (view more at https://runbot.odoo.com/runbot/batch/2571868/build/113496389),odoo/enterprise: ci/runbot,fixed,0,ci_failure,,1,0
165149,2026-06-09T01:03:01Z,2026-06-09,01,7206,merged,16,20,,,,,,,,
165152,2026-06-09T03:03:45Z,2026-06-09,03,3379,failed,16,17,,odoo/enterprise: ci/runbot,no_culprit,1,ci_failure,,0,0
165154,2026-06-09T04:01:40Z,2026-06-09,04,5463,merged,8,8,,,,,,,,
165161,2026-06-09T05:33:05Z,2026-06-09,05,3924,merged,8,9,,,,,,,,
165167,2026-06-09T06:39:26Z,2026-06-09,06,4511,merged,16,18,,,,,,,,
165177,2026-06-09T07:55:41Z,2026-06-09,07,78,killed,15,18,odoo/upgrade#10438 updated by bda-odoo,,,,,,,
165178,2026-06-09T07:57:38Z,2026-06-09,07,5829,merged,16,19,,,,,,,,
165189,2026-06-09T09:36:24Z,2026-06-09,09,6279,merged,16,20,,,,,,,,
165198,2026-06-09T11:21:56Z,2026-06-09,11,5754,merged,16,16,,,,,,,,
165210,2026-06-09T12:58:50Z,2026-06-09,12,7668,merged,16,20,,,,,,,,
165226,2026-06-09T15:07:51Z,2026-06-09,15,5080,merged,16,25,,,,,,,,
165236,2026-06-09T16:33:34Z,2026-06-09,16,3417,failed,16,17,,odoo/enterprise: ci/runbot,no_culprit,1,ci_failure,,0,0
165241,2026-06-09T17:30:50Z,2026-06-09,17,6082,merged,8,8,,,,,,,,
165246,2026-06-09T19:12:33Z,2026-06-09,19,2312,failed,8,9,,odoo/odoo: ci/runbot,no_culprit,1,ci_failure,,0,0
165257,2026-06-09T19:51:16Z,2026-06-09,19,6144,merged,4,4,,,,,,,,
165261,2026-06-09T21:33:53Z,2026-06-09,21,3537,failed,4,5,,odoo/enterprise: ci/runbot,no_culprit,1,ci_failure,,0,0
165268,2026-06-09T22:32:59Z,2026-06-09,22,5513,failed,2,3,,odoo/enterprise: ci/runbot,no_culprit,1,ci_failure,,0,0
165272,2026-06-10T00:05:00Z,2026-06-10,00,4799,merged,1,1,,,,,,,,
165274,2026-06-10T01:25:08Z,2026-06-10,01,5659,merged,1,2,,,,,,,,
165277,2026-06-10T02:59:34Z,2026-06-10,02,5288,merged,2,2,,,,,,,,
165282,2026-06-10T04:28:58Z,2026-06-10,04,1910,failed,16,18,,odoo/enterprise: ci/runbot,attributed_to_flaky,1,ci_failure,odoo/enterprise#114842|odoo/odoo#261001|odoo/odoo#268701,0,0
165283,2026-06-10T05:01:09Z,2026-06-10,05,1652,failed,8,10,,odoo/enterprise: ci/runbot,attributed_to_flaky,1,ci_failure,odoo/enterprise#114842|odoo/odoo#261001,0,0
165288,2026-06-10T05:28:55Z,2026-06-10,05,2699,failed,4,6,,odoo/enterprise: ci/runbot,attributed_to_flaky,1,ci_failure,odoo/enterprise#114842|odoo/odoo#261001,0,0
165292,2026-06-10T06:14:02Z,2026-06-10,06,4449,merged,2,2,,,,,,,,
165299,2026-06-10T07:28:22Z,2026-06-10,07,2249,failed,2,4,,odoo/odoo: ci/runbot,attributed_to_flaky,1,ci_failure,odoo/enterprise#114842|odoo/odoo#261001,0,0
165303,2026-06-10T08:05:59Z,2026-06-10,08,3682,failed,1,2,ci/runbot (view more at https://runbot.odoo.com/runbot/batch/2575042/build/113640547),odoo/odoo: ci/runbot,flaky_retry,1,ci_failure,,1,0
165310,2026-06-10T09:08:40Z,2026-06-10,09,2102,killed,16,26,odoo/upgrade#10018 updated by aurb9,,,,,,,
165314,2026-06-10T09:44:59Z,2026-06-10,09,7122,merged,16,26,,,,,,,,
165326,2026-06-10T11:45:35Z,2026-06-10,11,6296,merged,16,21,,,,,,,,
165338,2026-06-10T13:31:46Z,2026-06-10,13,2578,failed,16,20,,odoo/odoo: ci/runbot,attributed_to_flaky,1,ci_failure,odoo/odoo#268701,0,0
165344,2026-06-10T14:15:15Z,2026-06-10,14,5727,merged,8,12,,,,,,,,
165351,2026-06-10T15:52:49Z,2026-06-10,15,2774,failed,8,8,,odoo/enterprise: ci/runbot,attributed_to_flaky,1,ci_failure,odoo/odoo#268701,0,0
165355,2026-06-10T16:39:16Z,2026-06-10,16,1598,failed,4,4,,odoo/enterprise: ci/runbot,attributed_to_flaky,1,ci_failure,odoo/odoo#268701,0,0
165357,2026-06-10T17:06:03Z,2026-06-10,17,5565,merged,2,2,,,,,,,,
165366,2026-06-10T18:38:56Z,2026-06-10,18,4201,failed,2,2,,odoo/enterprise: ci/runbot,attributed_to_flaky,1,ci_failure,odoo/odoo#268701,0,0
165370,2026-06-10T19:49:03Z,2026-06-10,19,2629,failed,1,1,ci/runbot on e9afbc70675e79f56d891e1bc833607411f1465f (view more at https://runbot.odoo.com/runbot/batch/2576991/build/113738397),odoo/enterprise: ci/runbot,flaky_retry,1,ci_failure,,1,0
165372,2026-06-10T20:34:54Z,2026-06-10,20,5966,merged,16,23,,,,,,,,
165379,2026-06-10T22:14:59Z,2026-06-10,22,3567,failed,16,17,,odoo/enterprise: ci/runbot,attributed_to_flaky,1,ci_failure,odoo/design-themes#1287|odoo/odoo#266949,0,0
165381,2026-06-10T23:14:49Z,2026-06-10,23,4748,failed,8,9,,odoo/enterprise: ci/runbot,attributed_to_flaky,1,ci_failure,odoo/design-themes#1287|odoo/odoo#266949,0,0
165384,2026-06-11T00:34:14Z,2026-06-11,00,3541,failed,4,5,,odoo/odoo: ci/runbot,attributed_to_flaky,1,ci_failure,odoo/design-themes#1287|odoo/odoo#266949,0,0
165385,2026-06-11T01:33:29Z,2026-06-11,01,2680,failed,2,3,,odoo/enterprise: ci/runbot,attributed_to_flaky,1,ci_failure,odoo/design-themes#1287|odoo/odoo#266949,0,0
165387,2026-06-11T02:18:20Z,2026-06-11,02,2398,failed,1,2,ci/runbot on e05121051f096069acae80f0282de93a89bc00e0 (view more at https://runbot.odoo.com/runbot/batch/2577184/build/113759505),odoo/enterprise: ci/runbot,flaky_retry,1,ci_failure,,1,2
165389,2026-06-11T02:58:58Z,2026-06-11,02,2424,failed,16,16,,odoo/enterprise: ci/runbot,no_culprit,1,ci_failure,,0,1
165392,2026-06-11T03:39:39Z,2026-06-11,03,2693,failed,8,8,,odoo/enterprise: ci/runbot,no_culprit,1,ci_failure,,0,1
165393,2026-06-11T04:24:44Z,2026-06-11,04,3242,failed,4,4,,odoo/enterprise: ci/runbot,no_culprit,1,ci_failure,,0,0
165401,2026-06-11T05:18:54Z,2026-06-11,05,1787,failed,2,2,,odoo/enterprise: ci/runbot,no_culprit,1,ci_failure,,0,0
165404,2026-06-11T05:48:47Z,2026-06-11,05,4597,merged,1,1,,,,,,,,
165413,2026-06-11T07:06:04Z,2026-06-11,07,2392,failed,16,16,,odoo/odoo: ci/runbot,no_culprit,1,ci_failure,,0,0
165416,2026-06-11T07:46:16Z,2026-06-11,07,2017,failed,8,8,,odoo/enterprise: ci/runbot,no_culprit,1,ci_failure,,0,0
165418,2026-06-11T08:20:05Z,2026-06-11,08,2382,failed,4,4,,odoo/odoo: ci/runbot,no_culprit,1,ci_failure,,0,0
165428,2026-06-11T08:59:55Z,2026-06-11,08,7527,merged,2,2,,,,,,,,
165441,2026-06-11T11:06:27Z,2026-06-11,11,8288,merged,16,21,,,,,,,,
165454,2026-06-11T13:25:57Z,2026-06-11,13,6103,merged,16,22,,,,,,,,
165465,2026-06-11T15:08:44Z,2026-06-11,15,6767,merged,16,18,,,,,,,,
165476,2026-06-11T17:02:52Z,2026-06-11,17,6015,merged,16,22,,,,,,,,
165480,2026-06-11T18:44:06Z,2026-06-11,18,1669,failed,16,17,,odoo/enterprise: ci/l10n,attributed_to_flaky,1,ci_failure,odoo/enterprise#118330|odoo/odoo#266345,0,0
165482,2026-06-11T19:12:17Z,2026-06-11,19,1649,failed,8,9,,odoo/odoo: ci/runbot,attributed_to_flaky,1,ci_failure,odoo/enterprise#118330|odoo/odoo#266345,0,0
165485,2026-06-11T19:39:59Z,2026-06-11,19,1179,failed,4,5,,odoo/enterprise: ci/runbot,attributed_to_flaky,1,ci_failure,odoo/enterprise#118330|odoo/odoo#266345,0,0
165486,2026-06-11T19:59:45Z,2026-06-11,19,6664,merged,2,2,,,,,,,,
165493,2026-06-11T21:50:59Z,2026-06-11,21,3502,failed,2,3,,odoo/enterprise: ci/runbot,attributed_to_flaky,1,ci_failure,odoo/enterprise#118330|odoo/odoo#266345,0,0
165495,2026-06-11T22:49:28Z,2026-06-11,22,3023,failed,1,2,ci/runbot (view more at https://runbot.odoo.com/runbot/batch/2579940/build/113880100),odoo/enterprise: ci/runbot,flaky_retry,1,ci_failure,,1,0
165497,2026-06-11T23:40:40Z,2026-06-11,23,7412,merged,16,16,,,,,,,,
165503,2026-06-12T01:44:43Z,2026-06-12,01,1440,failed,15,15,,odoo/odoo: ci/runbot,attributed_to_flaky,1,ci_failure,odoo/odoo#268963,0,0
165505,2026-06-12T02:09:02Z,2026-06-12,02,2210,failed,7,7,,odoo/enterprise: ci/runbot,attributed_to_flaky,1,ci_failure,odoo/odoo#268963,0,0
165509,2026-06-12T02:46:03Z,2026-06-12,02,1930,failed,3,3,,odoo/enterprise: ci/runbot,attributed_to_flaky,1,ci_failure,odoo/odoo#268963,0,0
165511,2026-06-12T03:18:21Z,2026-06-12,03,1573,failed,2,2,,odoo/odoo: ci/runbot,attributed_to_flaky,1,ci_failure,odoo/odoo#268963,0,0
165514,2026-06-12T03:44:56Z,2026-06-12,03,5506,merged,1,1,,,,,,,,
165522,2026-06-12T05:16:48Z,2026-06-12,05,1823,failed,1,1,ci/runbot (view more at https://runbot.odoo.com/runbot/batch/2580168/build/113900752),odoo/odoo: ci/runbot,flaky_retry,1,ci_failure,,1,1
165526,2026-06-12T05:47:46Z,2026-06-12,05,2340,failed,16,16,,odoo/enterprise: ci/runbot,no_culprit,1,ci_failure,,0,0
165531,2026-06-12T06:27:04Z,2026-06-12,06,2915,failed,8,8,,odoo/odoo: ci/runbot,no_culprit,1,ci_failure,,0,1
165537,2026-06-12T07:15:50Z,2026-06-12,07,2805,failed,4,4,,odoo/enterprise: ci/runbot,no_culprit,1,ci_failure,,0,0
165547,2026-06-12T08:02:43Z,2026-06-12,08,2398,failed,2,2,,odoo/enterprise: ci/runbot,no_culprit,1,ci_failure,,0,0
165554,2026-06-12T08:42:47Z,2026-06-12,08,816,killed,1,1,Cancelled by Christophe Monniez (moc) because Multiple failing tests neutralized,,,,,,,
165556,2026-06-12T08:57:35Z,2026-06-12,08,1119,failed,16,18,,odoo/enterprise: ci/l10n,no_culprit,1,ci_failure,,0,0
165562,2026-06-12T09:16:36Z,2026-06-12,09,520,killed,8,10,odoo/odoo#254218 unreviewed (r-) by d-fence,,,,,,,
165564,2026-06-12T09:25:36Z,2026-06-12,09,5996,merged,8,8,,,,,,,,
165584,2026-06-12T11:07:08Z,2026-06-12,11,4956,merged,16,26,,,,,,,,
165591,2026-06-12T12:30:57Z,2026-06-12,12,4966,merged,16,20,,,,,,,,
165599,2026-06-12T13:54:58Z,2026-06-12,13,5471,merged,16,19,,,,,,,,
165610,2026-06-12T15:27:49Z,2026-06-12,15,4907,merged,16,20,,,,,,,,
165620,2026-06-12T16:50:45Z,2026-06-12,16,5033,merged,16,19,,,,,,,,
165630,2026-06-12T18:15:28Z,2026-06-12,18,6920,merged,16,16,,,,,,,,
165638,2026-06-12T20:11:29Z,2026-06-12,20,6298,merged,16,18,,,,,,,,
165644,2026-06-12T21:56:59Z,2026-06-12,21,3806,failed,16,17,,odoo/enterprise: ci/runbot,no_culprit,1,ci_failure,,0,0
165647,2026-06-12T23:00:49Z,2026-06-12,23,5194,failed,8,9,,odoo/enterprise: ci/runbot,no_culprit,1,ci_failure,,0,0
165652,2026-06-13T00:27:36Z,2026-06-13,00,6612,merged,4,5,,,,,,,,
165655,2026-06-13T02:18:00Z,2026-06-13,02,4228,merged,4,4,,,,,,,,
165661,2026-06-13T03:28:45Z,2026-06-13,03,2864,failed,8,8,,odoo/odoo: ci/runbot,no_culprit,1,ci_failure,,0,0
165662,2026-06-13T04:16:40Z,2026-06-13,04,3964,merged,4,4,,,,,,,,
165666,2026-06-13T05:22:55Z,2026-06-13,05,3911,merged,4,4,,,,,,,,
165667,2026-06-13T06:28:54Z,2026-06-13,06,4957,merged,16,18,,,,,,,,
165671,2026-06-13T07:51:59Z,2026-06-13,07,4145,merged,16,16,,,,,,,,
165672,2026-06-13T09:01:34Z,2026-06-13,09,4500,merged,16,17,,,,,,,,
165675,2026-06-13T10:17:07Z,2026-06-13,10,4374,killed,16,17,Fast Forward Failed,,,,,,,
165679,2026-06-13T11:31:35Z,2026-06-13,11,1428,failed,16,17,,odoo/enterprise: ci/runbot,no_culprit,1,ci_failure,,0,0
165680,2026-06-13T11:55:41Z,2026-06-13,11,4547,merged,8,8,,,,,,,,
165684,2026-06-13T13:11:46Z,2026-06-13,13,3934,merged,8,9,,,,,,,,
165685,2026-06-13T14:17:49Z,2026-06-13,14,4090,merged,16,17,,,,,,,,
165686,2026-06-13T15:26:34Z,2026-06-13,15,4559,merged,16,16,,,,,,,,
165696,2026-06-13T20:03:56Z,2026-06-13,20,302,merged,1,1,,,,,,,,
165697,2026-06-13T20:19:19Z,2026-06-13,20,5357,merged,1,1,,,,,,,,
165704,2026-06-14T10:00:58Z,2026-06-14,10,4045,merged,1,1,,,,,,,,
165707,2026-06-14T11:08:31Z,2026-06-14,11,3953,merged,2,2,,,,,,,,
165718,2026-06-14T17:46:33Z,2026-06-14,17,321,merged,1,1,,,,,,,,
165728,2026-06-14T19:30:17Z,2026-06-14,19,4054,failed,1,1,ci/runbot on f50e4ddeb0993c2044ee08a58c840dc8b5afb83e (view more at https://runbot.odoo.com/runbot/batch/2583492/build/114172306),odoo/enterprise: ci/runbot,flaky_retry,1,ci_failure,odoo/odoo#269989,1,0
165733,2026-06-14T20:38:08Z,2026-06-14,20,5258,merged,1,1,,,,,,,,
165734,2026-06-14T22:05:53Z,2026-06-14,22,3164,failed,1,1,ci/runbot on 143ffed3c24464e5e4e2ce66fae61c0a6f298b2c (view more at https://runbot.odoo.com/runbot/batch/2583522/build/114175788),odoo/enterprise: ci/runbot,flaky_retry,1,ci_failure,,1,0
165736,2026-06-15T04:40:22Z,2026-06-15,04,4343,merged,1,1,,,,,,,,
165743,2026-06-15T05:53:09Z,2026-06-15,05,4668,merged,6,6,,,,,,,,
165755,2026-06-15T07:11:47Z,2026-06-15,07,2242,failed,16,16,,odoo/enterprise: ci/runbot,no_culprit,1,ci_failure,,0,0
165763,2026-06-15T07:49:28Z,2026-06-15,07,5070,merged,8,8,,,,,,,,
165777,2026-06-15T09:14:17Z,2026-06-15,09,5661,merged,8,8,,,,,,,,
165787,2026-06-15T10:49:39Z,2026-06-15,10,4047,failed,16,20,,odoo/enterprise: ci/runbot,no_culprit,1,ci_failure,,0,0
165794,2026-06-15T11:57:31Z,2026-06-15,11,4121,failed,8,11,,odoo/odoo: ci/runbot,no_culprit,1,ci_failure,,0,0
165800,2026-06-15T13:06:28Z,2026-06-15,13,4220,failed,4,6,,odoo/enterprise: ci/runbot,no_culprit,1,ci_failure,,0,0
165806,2026-06-15T14:17:01Z,2026-06-15,14,5394,merged,2,4,,,,,,,,
165816,2026-06-15T15:47:03Z,2026-06-15,15,5309,merged,2,2,,,,,,,,
165824,2026-06-15T17:15:45Z,2026-06-15,17,5230,merged,4,5,,,,,,,,
165831,2026-06-15T18:43:15Z,2026-06-15,18,5634,merged,8,9,,,,,,,,
165836,2026-06-15T20:18:27Z,2026-06-15,20,343,failed,16,21,,odoo/enterprise: ci/runbot,attributed_real,0,ci_failure,odoo/enterprise#118704|odoo/odoo#267013,0,0
165839,2026-06-15T20:24:51Z,2026-06-15,20,6699,merged,8,12,,,,,,,,
165843,2026-06-15T22:16:51Z,2026-06-15,22,345,failed,8,9,,odoo/odoo: ci/runbot,attributed_real,0,ci_failure,odoo/enterprise#118704|odoo/odoo#267013,0,0
165844,2026-06-15T22:22:48Z,2026-06-15,22,3588,failed,4,4,,odoo/enterprise: ci/runbot,no_culprit,1,ci_failure,,0,0
165846,2026-06-15T23:22:44Z,2026-06-15,23,7131,merged,2,2,,,,,,,,
165848,2026-06-16T01:21:43Z,2026-06-16,01,4776,merged,2,2,,,,,,,,
165851,2026-06-16T02:41:34Z,2026-06-16,02,327,failed,4,5,,odoo/enterprise: ci/runbot,attributed_real,0,ci_failure,odoo/enterprise#118704|odoo/odoo#267013,0,0
165852,2026-06-16T02:47:12Z,2026-06-16,02,324,failed,2,3,,odoo/enterprise: ci/runbot,attributed_real,0,ci_failure,odoo/enterprise#118704|odoo/odoo#267013,0,0
165853,2026-06-16T02:52:43Z,2026-06-16,02,4477,merged,1,1,,,,,,,,
165854,2026-06-16T04:07:31Z,2026-06-16,04,292,failed,1,2,ci/runbot (view more at https://runbot.odoo.com/runbot/batch/2586018/build/114321652),odoo/enterprise: ci/runbot,fixed,0,ci_failure,,1,0
165855,2026-06-16T04:13:07Z,2026-06-16,04,4023,merged,16,23,,,,,,,,
165862,2026-06-16T05:20:44Z,2026-06-16,05,9270,merged,16,16,,,,,,,,
165877,2026-06-16T07:56:18Z,2026-06-16,07,5287,merged,16,19,,,,,,,,
165888,2026-06-16T09:25:35Z,2026-06-16,09,5541,merged,16,19,,,,,,,,
165899,2026-06-16T10:59:06Z,2026-06-16,10,6408,merged,16,18,,,,,,,,
165911,2026-06-16T12:47:07Z,2026-06-16,12,6180,merged,16,21,,,,,,,,
165920,2026-06-16T14:32:06Z,2026-06-16,14,6347,merged,16,21,,,,,,,,
165930,2026-06-16T16:20:19Z,2026-06-16,16,5585,merged,16,21,,,,,,,,
165939,2026-06-16T17:55:05Z,2026-06-16,17,7403,merged,15,17,,,,,,,,
165949,2026-06-16T19:59:26Z,2026-06-16,19,5785,merged,6,6,,,,,,,,
165957,2026-06-16T21:36:11Z,2026-06-16,21,4059,failed,2,2,,odoo/enterprise: ci/runbot,attributed_to_flaky,1,ci_failure,odoo/odoo#270423|odoo/odoo#270424,0,0
165961,2026-06-16T22:43:56Z,2026-06-16,22,898,failed,1,1,ci/design-theme on 3763ab444b6bad13d24b4759192b03533e43b456 (view more at https://runbot.odoo.com/runbot/batch/2588597/build/114449932),odoo/design-themes: ci/design-theme,flaky_retry,1,ci_failure,,1,1
165962,2026-06-16T22:59:01Z,2026-06-16,22,2585,failed,1,1,ci/design-theme on c82783c1fb979f156e4e3820f798e7decf5d4641 (view more at https://runbot.odoo.com/runbot/batch/2588606/build/114450114),odoo/design-themes: ci/design-theme,flaky_retry,1,ci_failure,,1,1
165969,2026-06-17T04:30:15Z,2026-06-17,04,1712,merged,1,1,,,,,,,,
165973,2026-06-17T04:59:09Z,2026-06-17,04,4536,merged,2,2,,,,,,,,
165983,2026-06-17T06:15:20Z,2026-06-17,06,2782,failed,6,6,,odoo/enterprise: ci/runbot,unresolved,0,ci_failure,,0,0
165989,2026-06-17T07:01:52Z,2026-06-17,07,3285,failed,3,3,,odoo/enterprise: ci/runbot,unresolved,0,ci_failure,,0,0
165994,2026-06-17T07:56:46Z,2026-06-17,07,1330,killed,2,2,Unstaged by d-fence on odoo/odoo#269532,,,,,,,
165998,2026-06-17T08:20:04Z,2026-06-17,08,4468,merged,1,2,,,,,,,,
166018,2026-06-17T09:35:20Z,2026-06-17,09,5719,merged,1,4,,,,,,,,
166029,2026-06-17T11:11:48Z,2026-06-17,11,3059,failed,16,19,,odoo/enterprise: ci/runbot,attributed_to_flaky,1,ci_failure,odoo/odoo#269564,0,0
166046,2026-06-17T12:03:24Z,2026-06-17,12,3612,failed,8,11,,odoo/enterprise: ci/runbot,no_culprit,1,ci_failure,,0,0
166054,2026-06-17T13:03:49Z,2026-06-17,13,5922,merged,4,4,,,,,,,,
166068,2026-06-17T14:44:36Z,2026-06-17,14,4730,merged,4,7,,,,,,,,
166076,2026-06-17T16:03:52Z,2026-06-17,16,3104,failed,8,8,,odoo/odoo: ci/runbot,attributed_to_flaky,1,ci_failure,odoo/odoo#269564,0,0
166084,2026-06-17T16:55:48Z,2026-06-17,16,4944,merged,4,4,,,,,,,,
166089,2026-06-17T18:18:30Z,2026-06-17,18,4029,failed,4,4,,odoo/enterprise: ci/runbot,attributed_to_flaky,1,ci_failure,odoo/odoo#269564,0,0
166094,2026-06-17T19:25:48Z,2026-06-17,19,5523,merged,2,2,,,,,,,,
166099,2026-06-17T20:58:37Z,2026-06-17,20,4227,failed,1,1,ci/runbot on e0d27b07ca9b090b103baaf89aaa546fd9b726a4 (view more at https://runbot.odoo.com/runbot/batch/2591148/build/114567382),odoo/enterprise: ci/runbot,flaky_retry,1,ci_failure,,1,1
166102,2026-06-17T22:10:06Z,2026-06-17,22,5183,failed,16,19,,odoo/enterprise: ci/runbot,no_culprit,1,ci_failure,,0,1
166103,2026-06-17T23:36:51Z,2026-06-17,23,2798,failed,8,9,,odoo/upgrade-util: ci/runbot,no_culprit,1,ci_failure,,0,0
166104,2026-06-18T00:23:40Z,2026-06-18,00,5028,failed,4,4,,odoo/enterprise: ci/runbot,no_culprit,1,ci_failure,,0,0
166105,2026-06-18T01:47:36Z,2026-06-18,01,6554,merged,2,2,,,,,,,,
166106,2026-06-18T03:36:59Z,2026-06-18,03,4135,merged,2,2,,,,,,,,
166107,2026-06-18T04:46:09Z,2026-06-18,04,4792,merged,4,5,,,,,,,,
166117,2026-06-18T06:06:22Z,2026-06-18,06,1465,failed,8,10,,odoo/enterprise: ci/runbot,no_culprit,1,ci_failure,,0,1
166119,2026-06-18T06:30:59Z,2026-06-18,06,692,killed,4,4,Unstaged by d-fence on odoo/upgrade#10479,,,,,,,
166122,2026-06-18T06:43:10Z,2026-06-18,06,3236,failed,1,3,ci/runbot (view more at https://runbot.odoo.com/runbot/batch/2591485/build/114592134),odoo/enterprise: ci/runbot,fixed,0,ci_failure,,1,1
166128,2026-06-18T07:37:51Z,2026-06-18,07,892,killed,16,19,"unstaged by odoo/odoo#262274, odoo/enterprise#115838, odoo/upgrade#10479 becoming ready",,,,,,,
166131,2026-06-18T07:52:54Z,2026-06-18,07,1376,killed,1,3,odoo/odoo#262274 unreviewed (r-) by d-fence,,,,,,,
166135,2026-06-18T08:17:01Z,2026-06-18,08,4801,killed,16,19,odoo/odoo#269481 unreviewed (r-) by phenix-factory,,,,,,,
166150,2026-06-18T09:38:09Z,2026-06-18,09,6252,merged,16,19,,,,,,,,
166162,2026-06-18T11:22:51Z,2026-06-18,11,58,killed,1,3,Unstaged by d-fence on odoo/odoo#262274,,,,,,,
166163,2026-06-18T11:23:59Z,2026-06-18,11,5855,merged,1,3,,,,,,,,
166178,2026-06-18T13:02:53Z,2026-06-18,13,2225,failed,16,23,,odoo/enterprise: ci/runbot,no_culprit,1,ci_failure,,0,0
166186,2026-06-18T13:40:30Z,2026-06-18,13,521,killed,8,13,odoo/enterprise#113906 unreviewed (r-) by d-fence,,,,,,,
166188,2026-06-18T13:50:24Z,2026-06-18,13,5787,merged,16,23,,,,,,,,
166201,2026-06-18T15:28:31Z,2026-06-18,15,5583,merged,16,24,,,,,,,,
166211,2026-06-18T17:02:45Z,2026-06-18,17,5853,merged,16,22,,,,,,,,
166223,2026-06-18T18:41:47Z,2026-06-18,18,6643,merged,16,21,,,,,,,,
166227,2026-06-18T20:33:23Z,2026-06-18,20,5852,merged,16,18,,,,,,,,
166234,2026-06-18T22:11:57Z,2026-06-18,22,5543,failed,16,18,,odoo/enterprise: ci/runbot,no_culprit,1,ci_failure,,0,0
166236,2026-06-18T23:44:43Z,2026-06-18,23,7966,merged,8,10,,,,,,,,
166237,2026-06-19T01:57:47Z,2026-06-19,01,4960,merged,8,8,,,,,,,,
166241,2026-06-19T03:21:13Z,2026-06-19,03,6104,merged,16,18,,,,,,,,
166243,2026-06-19T05:03:31Z,2026-06-19,05,4680,merged,16,16,,,,,,,,
166258,2026-06-19T06:22:33Z,2026-06-19,06,4885,merged,16,19,,,,,,,,
166272,2026-06-19T07:44:36Z,2026-06-19,07,5756,merged,12,12,,,,,,,,
166284,2026-06-19T09:21:40Z,2026-06-19,09,6069,merged,16,22,,,,,,,,
166294,2026-06-19T11:03:58Z,2026-06-19,11,5488,merged,16,21,,,,,,,,
166314,2026-06-19T12:36:35Z,2026-06-19,12,6087,merged,16,24,,,,,,,,
166329,2026-06-19T14:19:21Z,2026-06-19,14,5920,merged,16,26,,,,,,,,
166340,2026-06-19T15:59:11Z,2026-06-19,15,4979,merged,16,24,,,,,,,,
166351,2026-06-19T17:23:18Z,2026-06-19,17,6146,merged,16,22,,,,,,,,
166358,2026-06-19T19:06:53Z,2026-06-19,19,5812,merged,16,22,,,,,,,,
166365,2026-06-19T20:44:09Z,2026-06-19,20,5843,merged,7,7,,,,,,,,
166372,2026-06-19T22:58:30Z,2026-06-19,22,4243,failed,1,1,ci/runbot on b6cd7f4b913b577ab957f9e1804509e5c9d3149e (view more at https://runbot.odoo.com/runbot/batch/2596603/build/114852545),odoo/upgrade-util: ci/runbot,flaky_retry,1,ci_failure,,1,0
166373,2026-06-20T00:09:37Z,2026-06-20,00,6231,merged,1,2,,,,,,,,
166380,2026-06-20T10:06:16Z,2026-06-20,10,2078,killed,1,1,Fast Forward Failed,,,,,,,
166382,2026-06-20T10:42:05Z,2026-06-20,10,4775,merged,1,1,,,,,,,,
166390,2026-06-20T12:40:15Z,2026-06-20,12,3017,merged,1,2,,,,,,,,
166391,2026-06-20T13:31:05Z,2026-06-20,13,3399,failed,3,4,,odoo/odoo: ci/runbot,no_culprit,1,ci_failure,,0,0
166392,2026-06-20T14:27:54Z,2026-06-20,14,4600,merged,2,3,,,,,,,,
166393,2026-06-20T15:44:40Z,2026-06-20,15,4518,merged,1,1,,,,,,,,
166394,2026-06-21T06:03:25Z,2026-06-21,06,302,failed,1,1,ci/runbot on a0bb4d93c04b9d715171bb58fcbc2f542c345c4f (view more at https://runbot.odoo.com/runbot/batch/2597075/build/114932517),odoo/upgrade-util: ci/runbot,flaky_retry,1,ci_failure,,1,0
166403,2026-06-21T11:43:34Z,2026-06-21,11,319,merged,1,1,,,,,,,,
166404,2026-06-21T12:27:44Z,2026-06-21,12,4440,merged,1,1,,,,,,,,
166406,2026-06-22T03:45:29Z,2026-06-22,03,4981,merged,1,1,,,,,,,,
166408,2026-06-22T05:08:50Z,2026-06-22,05,5264,merged,1,1,,,,,,,,
166420,2026-06-22T06:36:51Z,2026-06-22,06,5261,merged,7,8,,,,,,,,
166430,2026-06-22T08:05:19Z,2026-06-22,08,5971,merged,10,11,,,,,,,,
166440,2026-06-22T09:45:35Z,2026-06-22,09,4298,failed,8,8,,odoo/enterprise: ci/upgrade_enterprise,no_culprit,1,ci_failure,,0,0
166449,2026-06-22T10:57:47Z,2026-06-22,10,2881,failed,4,4,,odoo/upgrade-util: ci/upgrade_enterprise,no_culprit,1,ci_failure,,0,0
166456,2026-06-22T11:45:56Z,2026-06-22,11,1557,killed,2,2,Cancelled by Christophe Monniez (moc) because Make room for the fix,,,,,,,
166462,2026-06-22T12:13:02Z,2026-06-22,12,5880,killed,16,22,Fast Forward Failed,,,,,,,
166471,2026-06-22T13:52:25Z,2026-06-22,13,8695,failed,16,24,,odoo/enterprise: ci/l10n,no_culprit,1,ci_failure,,0,0
166491,2026-06-22T16:18:11Z,2026-06-22,16,5754,merged,8,10,,,,,,,,
166510,2026-06-22T17:54:35Z,2026-06-22,17,6809,merged,8,14,,,,,,,,
166519,2026-06-22T19:49:12Z,2026-06-22,19,6134,merged,16,22,,,,,,,,
166526,2026-06-22T21:32:28Z,2026-06-22,21,4140,failed,16,18,,odoo/enterprise: ci/runbot,no_culprit,1,ci_failure,,0,0
166529,2026-06-22T22:41:49Z,2026-06-22,22,5139,failed,8,10,,odoo/enterprise: ci/runbot,no_culprit,1,ci_failure,,0,0
166532,2026-06-23T00:07:42Z,2026-06-23,00,4187,failed,4,5,,odoo/enterprise: ci/runbot,no_culprit,1,ci_failure,,0,0
166533,2026-06-23T01:17:40Z,2026-06-23,01,6728,merged,2,3,,,,,,,,
166534,2026-06-23T03:09:57Z,2026-06-23,03,3926,failed,2,2,,odoo/enterprise: ci/runbot,no_culprit,1,ci_failure,,0,0
166536,2026-06-23T04:15:29Z,2026-06-23,04,5305,merged,1,1,,,,,,,,
166545,2026-06-23T05:44:52Z,2026-06-23,05,5749,merged,16,19,,,,,,,,
166565,2026-06-23T07:21:38Z,2026-06-23,07,5308,merged,16,18,,,,,,,,
166579,2026-06-23T08:51:16Z,2026-06-23,08,5717,merged,16,18,,,,,,,,
166596,2026-06-23T10:27:42Z,2026-06-23,10,5894,merged,16,20,,,,,,,,
166618,2026-06-23T12:07:05Z,2026-06-23,12,6383,merged,16,19,,,,,,,,
166633,2026-06-23T13:54:46Z,2026-06-23,13,6119,merged,16,21,,,,,,,,
166646,2026-06-23T15:38:04Z,2026-06-23,15,5312,merged,16,20,,,,,,,,
166656,2026-06-23T17:07:58Z,2026-06-23,17,359,failed,16,19,,odoo/enterprise: ci/runbot,attributed_real,0,ci_failure,odoo/enterprise#113153|odoo/odoo#257894|odoo/upgrade#9974,0,0
166657,2026-06-23T17:14:27Z,2026-06-23,17,416,failed,8,11,,odoo/enterprise: ci/runbot,attributed_real,0,ci_failure,odoo/enterprise#113153|odoo/odoo#257894|odoo/upgrade#9974,0,0
166659,2026-06-23T17:21:43Z,2026-06-23,17,330,failed,4,7,,odoo/odoo: ci/runbot,attributed_real,0,ci_failure,odoo/enterprise#113153|odoo/odoo#257894|odoo/upgrade#9974,0,0
166662,2026-06-23T17:27:29Z,2026-06-23,17,371,failed,2,4,,odoo/enterprise: ci/runbot,attributed_real,0,ci_failure,odoo/enterprise#113153|odoo/odoo#257894|odoo/upgrade#9974,0,0
166663,2026-06-23T17:33:53Z,2026-06-23,17,319,failed,1,3,ci/runbot (view more at https://runbot.odoo.com/runbot/batch/2602043/build/115232862),odoo/enterprise: ci/runbot,fixed,0,ci_failure,,1,0
166664,2026-06-23T17:39:52Z,2026-06-23,17,6389,failed,16,17,,odoo/odoo: ci/upgrade_enterprise,no_culprit,1,ci_failure,,0,0
166670,2026-06-23T19:26:44Z,2026-06-23,19,6649,merged,8,9,,,,,,,,
166677,2026-06-23T21:17:51Z,2026-06-23,21,4395,merged,8,8,,,,,,,,
166680,2026-06-23T22:31:42Z,2026-06-23,22,1333,failed,16,16,,odoo/enterprise: ci/runbot,no_culprit,1,ci_failure,,0,0
166682,2026-06-23T22:54:14Z,2026-06-23,22,8211,failed,8,8,,odoo/enterprise: ci/upgrade_enterprise,no_culprit,1,ci_failure,,0,0
166686,2026-06-24T01:11:56Z,2026-06-24,01,1801,failed,4,4,,odoo/odoo: ci/runbot,no_culprit,1,ci_failure,,0,0
166691,2026-06-24T01:42:05Z,2026-06-24,01,5705,merged,2,2,,,,,,,,
166694,2026-06-24T03:17:18Z,2026-06-24,03,5599,merged,2,2,,,,,,,,
166699,2026-06-24T04:50:49Z,2026-06-24,04,2721,merged,4,4,,,,,,,,
166704,2026-06-24T05:36:28Z,2026-06-24,05,4838,merged,8,8,,,,,,,,
166715,2026-06-24T06:58:05Z,2026-06-24,06,4464,failed,16,18,,odoo/enterprise: ci/runbot,no_culprit,1,ci_failure,,0,0
166728,2026-06-24T08:12:55Z,2026-06-24,08,6169,merged,8,10,,,,,,,,
166740,2026-06-24T09:56:04Z,2026-06-24,09,5504,merged,8,8,,,,,,,,
166752,2026-06-24T11:28:51Z,2026-06-24,11,1340,failed,16,20,,odoo/enterprise: ci/runbot,no_culprit,1,ci_failure,,0,0
166756,2026-06-24T11:51:38Z,2026-06-24,11,1648,failed,8,12,,odoo/enterprise: ci/runbot,no_culprit,1,ci_failure,,0,0
166759,2026-06-24T12:19:24Z,2026-06-24,12,1812,failed,4,7,,odoo/enterprise: ci/runbot,no_culprit,1,ci_failure,,0,0
166761,2026-06-24T12:49:47Z,2026-06-24,12,61,killed,2,3,odoo/enterprise#119344 unreviewed (r-) by d-fence,,,,,,,
166762,2026-06-24T12:51:01Z,2026-06-24,12,308,killed,2,4,Cancelled by Xavier Morel (xmo),,,,,,,
166763,2026-06-24T12:57:31Z,2026-06-24,12,1174,killed,16,20,odoo/upgrade-util#456 unreviewed (r-) by KangOl,,,,,,,
166776,2026-06-24T13:18:17Z,2026-06-24,13,6403,failed,16,20,,odoo/odoo: ci/upgrade_enterprise,no_culprit,1,ci_failure,,0,0
166787,2026-06-24T15:05:39Z,2026-06-24,15,5282,merged,8,12,,,,,,,,
166803,2026-06-24T16:34:00Z,2026-06-24,16,3838,merged,8,8,,,,,,,,
166810,2026-06-24T17:39:13Z,2026-06-24,17,324,failed,16,20,,odoo/enterprise: ci/runbot,attributed_to_flaky,1,ci_failure,odoo/enterprise#121508|odoo/odoo#271560|odoo/upgrade#10351,0,0
166812,2026-06-24T17:45:02Z,2026-06-24,17,343,failed,8,11,,odoo/odoo: ci/runbot,attributed_to_flaky,1,ci_failure,odoo/enterprise#121508|odoo/odoo#271560,0,0
166813,2026-06-24T17:51:00Z,2026-06-24,17,317,failed,4,5,,odoo/enterprise: ci/runbot,attributed_to_flaky,1,ci_failure,odoo/enterprise#121508|odoo/odoo#271560,0,0
166814,2026-06-24T17:56:26Z,2026-06-24,17,6794,failed,2,2,,odoo/upgrade-util: ci/upgrade_enterprise,no_culprit,1,ci_failure,,0,0
166822,2026-06-24T19:49:47Z,2026-06-24,19,6245,merged,1,1,,,,,,,,
166828,2026-06-24T21:33:59Z,2026-06-24,21,4705,merged,1,1,,,,,,,,
166829,2026-06-24T22:52:33Z,2026-06-24,22,3081,failed,1,2,ci/runbot (view more at https://runbot.odoo.com/runbot/batch/2604936/build/115399246),odoo/odoo: ci/runbot,flaky_retry,1,ci_failure,,1,0
166830,2026-06-24T23:44:57Z,2026-06-24,23,3347,failed,16,20,,odoo/upgrade-util: ci/runbot,attributed_to_flaky,1,ci_failure,odoo/upgrade#10351,0,0
166831,2026-06-25T00:41:11Z,2026-06-25,00,283,failed,8,12,,odoo/upgrade-util: ci/runbot,attributed_to_flaky,1,ci_failure,odoo/upgrade#10351,0,0
166832,2026-06-25T00:46:10Z,2026-06-25,00,6885,merged,4,7,,,,,,,,
166833,2026-06-25T02:41:09Z,2026-06-25,02,283,failed,4,5,,odoo/upgrade: ci/runbot,attributed_to_flaky,1,ci_failure,odoo/upgrade#10351,0,0
166834,2026-06-25T02:46:00Z,2026-06-25,02,5434,merged,2,2,,,,,,,,
166839,2026-06-25T04:16:45Z,2026-06-25,04,277,failed,2,3,,odoo/upgrade-util: ci/runbot,attributed_to_flaky,1,ci_failure,odoo/upgrade#10351,0,0
166840,2026-06-25T04:21:28Z,2026-06-25,04,282,failed,1,1,ci/runbot on a99030fbda0380752347889fe0f3c7b050d4d0df (view more at https://runbot.odoo.com/runbot/batch/2605011/build/115403001),odoo/upgrade-util: ci/runbot,flaky_retry,1,ci_failure,,1,0
166842,2026-06-25T04:26:49Z,2026-06-25,04,5003,merged,16,19,,,,,,,,
166850,2026-06-25T05:51:25Z,2026-06-25,05,5118,merged,16,20,,,,,,,,
166863,2026-06-25T07:18:36Z,2026-06-25,07,6396,merged,16,19,,,,,,,,
166881,2026-06-25T09:06:13Z,2026-06-25,09,5941,merged,16,19,,,,,,,,
166893,2026-06-25T10:46:21Z,2026-06-25,10,6227,merged,16,20,,,,,,,,
166905,2026-06-25T12:33:31Z,2026-06-25,12,4555,killed,15,18,odoo/upgrade#10507 updated by aj-fuentes,,,,,,,
166915,2026-06-25T13:50:26Z,2026-06-25,13,6493,merged,16,18,,,,,,,,
166926,2026-06-25T15:39:50Z,2026-06-25,15,1794,failed,16,20,,odoo/enterprise: ci/runbot,no_culprit,1,ci_failure,,0,0
166927,2026-06-25T16:10:09Z,2026-06-25,16,1594,failed,8,10,,odoo/odoo: ci/runbot,no_culprit,1,ci_failure,,0,0
166930,2026-06-25T16:36:58Z,2026-06-25,16,1480,failed,4,6,,odoo/enterprise: ci/runbot,no_culprit,1,ci_failure,,0,0
166935,2026-06-25T17:01:50Z,2026-06-25,17,5775,merged,2,3,,,,,,,,
166940,2026-06-25T18:38:16Z,2026-06-25,18,46,killed,2,3,odoo/odoo#266648 unreviewed (r-) by pparidans,,,,,,,
166941,2026-06-25T18:39:14Z,2026-06-25,18,28,killed,4,4,on odoo/odoo#266648 by pparidans,,,,,,,
166942,2026-06-25T18:40:51Z,2026-06-25,18,7139,merged,16,20,,,,,,,,
166951,2026-06-25T20:40:45Z,2026-06-25,20,3202,failed,15,17,,odoo/odoo: ci/runbot,attributed_real,0,ci_failure,odoo/documentation#18589|odoo/odoo#270653|odoo/odoo#271592|odoo/odoo#271617|odoo/odoo#271817|odoo/odoo#272188|odoo/odoo#272199,0,0
166956,2026-06-25T21:34:29Z,2026-06-25,21,2687,failed,7,8,,odoo/odoo: ci/runbot,attributed_real,0,ci_failure,odoo/odoo#272188|odoo/odoo#272199,0,0
166959,2026-06-25T22:19:29Z,2026-06-25,22,5556,failed,4,4,,odoo/enterprise: ci/runbot,attributed_real,0,ci_failure,odoo/odoo#272188|odoo/odoo#272199,0,0
166961,2026-06-25T23:52:15Z,2026-06-25,23,6386,failed,2,2,,odoo/upgrade-util: ci/upgrade_enterprise,attributed_real,0,ci_failure,odoo/odoo#272188|odoo/odoo#272199,0,0
166964,2026-06-26T01:38:47Z,2026-06-26,01,3871,failed,1,1,ci/runbot on 565bb34dcb4aa574c3d67f96c64e6be96c936cbe (view more at https://runbot.odoo.com/runbot/batch/2607713/build/115521817),odoo/enterprise: ci/runbot,real_failure,0,ci_failure,,0,1
166965,2026-06-26T02:44:01Z,2026-06-26,02,2878,failed,15,17,,odoo/enterprise: ci/runbot,attributed_real,0,ci_failure,odoo/documentation#18589|odoo/odoo#270653|odoo/odoo#271592|odoo/odoo#271617|odoo/odoo#271812|odoo/odoo#271817|odoo/odoo#272188,0,1
166967,2026-06-26T03:32:20Z,2026-06-26,03,2584,failed,7,8,,odoo/odoo: ci/runbot,attributed_real,0,ci_failure,odoo/odoo#272188,0,0
166968,2026-06-26T04:15:39Z,2026-06-26,04,2036,failed,4,5,,odoo/odoo: ci/runbot,attributed_real,0,ci_failure,odoo/odoo#272188,0,0
166973,2026-06-26T04:49:43Z,2026-06-26,04,4043,failed,2,2,,odoo/enterprise: ci/runbot,attributed_real,0,ci_failure,odoo/odoo#272188,0,0
166980,2026-06-26T05:57:12Z,2026-06-26,05,4756,failed,1,1,ci/runbot on dea302de512312a8f7c21dd969c1fbe4162a3f43 (view more at https://runbot.odoo.com/runbot/batch/2607868/build/115540525),odoo/enterprise: ci/runbot,real_failure,0,ci_failure,,0,1
166990,2026-06-26T07:17:20Z,2026-06-26,07,4237,failed,15,16,,odoo/enterprise: ci/runbot,attributed_to_flaky,1,ci_failure,odoo/documentation#18589|odoo/odoo#270653|odoo/odoo#271592|odoo/odoo#271617|odoo/odoo#271806|odoo/odoo#271811|odoo/odoo#271812|odoo/odoo#271817,0,1
166999,2026-06-26T08:28:19Z,2026-06-26,08,519,killed,7,8,"Cancelled by Xavier Morel (xmo) because disabled error, clearly its an existing nondet after all",,,,,,,
167001,2026-06-26T08:38:17Z,2026-06-26,08,3406,killed,15,21,odoo/odoo#268503 updated by Whenrow,,,,,,,
167006,2026-06-26T09:36:24Z,2026-06-26,09,5065,failed,15,22,,odoo/enterprise: ci/runbot,no_culprit,1,ci_failure,,0,0
167020,2026-06-26T11:01:18Z,2026-06-26,11,4012,failed,8,13,,odoo/enterprise: ci/runbot,no_culprit,1,ci_failure,,0,0
167028,2026-06-26T12:08:40Z,2026-06-26,12,1685,killed,4,8,Cancelled by Xavier Morel (xmo) because yippeee,,,,,,,
167033,2026-06-26T12:38:01Z,2026-06-26,12,5915,merged,16,23,,,,,,,,
167050,2026-06-26T14:17:41Z,2026-06-26,14,4286,failed,16,21,,odoo/enterprise: ci/runbot,no_culprit,1,ci_failure,,0,0
167057,2026-06-26T15:29:33Z,2026-06-26,15,1968,killed,8,11,on odoo/odoo#272464 by pparidans,,,,,,,
167062,2026-06-26T16:03:35Z,2026-06-26,16,1517,failed,16,21,,odoo/enterprise: ci/runbot,no_culprit,1,ci_failure,,0,0
167067,2026-06-26T16:29:19Z,2026-06-26,16,447,killed,8,12,on odoo/odoo#272464 by pparidans,,,,,,,
167069,2026-06-26T16:37:45Z,2026-06-26,16,5474,merged,16,21,,,,,,,,
167079,2026-06-26T18:10:08Z,2026-06-26,18,6798,failed,16,18,,odoo/enterprise: ci/upgrade_enterprise,no_culprit,1,ci_failure,,0,0
167093,2026-06-26T20:03:48Z,2026-06-26,20,6102,merged,8,9,,,,,,,,
167101,2026-06-26T21:45:51Z,2026-06-26,21,5689,merged,8,9,,,,,,,,
167110,2026-06-26T23:21:31Z,2026-06-26,23,3791,failed,16,16,,odoo/upgrade-util: ci/runbot,attributed_to_flaky,1,ci_failure,odoo/documentation#18589|odoo/enterprise#121639|odoo/enterprise#121672|odoo/odoo#270653|odoo/odoo#271592|odoo/odoo#271617|odoo/odoo#271681|odoo/odoo#271806|odoo/odoo#271811|odoo/odoo#271812|odoo/odoo#271817|odoo/odoo#271856|odoo/odoo#271860|odoo/odoo#271866|odoo/odoo#271952|odoo/odoo#272432,0,0
167114,2026-06-27T00:25:00Z,2026-06-27,00,276,failed,8,8,,odoo/upgrade-util: ci/runbot,attributed_to_flaky,1,ci_failure,odoo/documentation#18589|odoo/odoo#270653|odoo/odoo#271592|odoo/odoo#271617|odoo/odoo#271811|odoo/odoo#271812|odoo/odoo#271817|odoo/odoo#272432,0,0
167117,2026-06-27T00:29:48Z,2026-06-27,00,272,failed,4,4,,odoo/upgrade-util: ci/runbot,attributed_to_flaky,1,ci_failure,odoo/documentation#18589|odoo/odoo#270653|odoo/odoo#271617|odoo/odoo#272432,0,5
167118,2026-06-27T00:34:29Z,2026-06-27,00,298,failed,2,2,,odoo/upgrade-util: ci/runbot,attributed_to_flaky,1,ci_failure,odoo/documentation#18589|odoo/odoo#272432,0,16
167119,2026-06-27T00:39:34Z,2026-06-27,00,285,failed,1,1,ci/runbot on 44cbf9f6e109078a1618829ee145373c2fb5f4ef (view more at https://runbot.odoo.com/runbot/batch/2610021/build/115652591),odoo/upgrade-util: ci/runbot,flaky_retry,1,ci_failure,odoo/odoo#272432,1,21
167120,2026-06-27T00:45:00Z,2026-06-27,00,275,failed,16,16,,odoo/upgrade-util: ci/runbot,attributed_to_flaky,1,ci_failure,odoo/documentation#18589|odoo/enterprise#121639|odoo/enterprise#121672|odoo/odoo#270653|odoo/odoo#271592|odoo/odoo#271617|odoo/odoo#271681|odoo/odoo#271806|odoo/odoo#271811|odoo/odoo#271812|odoo/odoo#271817|odoo/odoo#271856|odoo/odoo#271860|odoo/odoo#271866|odoo/odoo#271952|odoo/odoo#271982,0,1
167121,2026-06-27T00:49:55Z,2026-06-27,00,303,failed,8,8,,odoo/upgrade: ci/runbot,attributed_to_flaky,1,ci_failure,odoo/documentation#18589|odoo/odoo#270653|odoo/odoo#271592|odoo/odoo#271617|odoo/odoo#271806|odoo/odoo#271811|odoo/odoo#271812|odoo/odoo#271817,0,0
167123,2026-06-27T00:55:26Z,2026-06-27,00,282,failed,4,4,,odoo/upgrade-util: ci/runbot,attributed_to_flaky,1,ci_failure,odoo/documentation#18589|odoo/odoo#270653|odoo/odoo#271592|odoo/odoo#271617,0,8
167124,2026-06-27T01:00:18Z,2026-06-27,01,273,failed,2,2,,odoo/upgrade-util: ci/runbot,attributed_to_flaky,1,ci_failure,odoo/documentation#18589|odoo/odoo#271617,0,18
167125,2026-06-27T01:04:58Z,2026-06-27,01,278,failed,1,1,ci/runbot on 464922122e9656fa82a764ffbd2ef5a0051813c6 (view more at https://runbot.odoo.com/runbot/batch/2610039/build/115653036),odoo/upgrade-util: ci/runbot,flaky_retry,1,ci_failure,,1,24
167126,2026-06-27T01:10:11Z,2026-06-27,01,275,failed,16,16,,odoo/upgrade-util: ci/runbot,attributed_to_flaky,1,ci_failure,odoo/enterprise#121639|odoo/enterprise#121672|odoo/odoo#270653|odoo/odoo#271592|odoo/odoo#271617|odoo/odoo#271681|odoo/odoo#271806|odoo/odoo#271811|odoo/odoo#271812|odoo/odoo#271817|odoo/odoo#271856|odoo/odoo#271860|odoo/odoo#271866|odoo/odoo#271952|odoo/odoo#271982,0,3
167127,2026-06-27T01:15:04Z,2026-06-27,01,271,failed,8,8,,odoo/upgrade-util: ci/runbot,attributed_to_flaky,1,ci_failure,odoo/enterprise#121639|odoo/odoo#270653|odoo/odoo#271592|odoo/odoo#271617|odoo/odoo#271806|odoo/odoo#271811|odoo/odoo#271812|odoo/odoo#271817,0,3
167128,2026-06-27T01:19:46Z,2026-06-27,01,271,failed,4,4,,odoo/upgrade-util: ci/runbot,attributed_to_flaky,1,ci_failure,odoo/odoo#270653|odoo/odoo#271592|odoo/odoo#271617|odoo/odoo#271817,0,10
167130,2026-06-27T01:24:25Z,2026-06-27,01,283,failed,2,2,,odoo/upgrade-util: ci/runbot,attributed_to_flaky,1,ci_failure,odoo/odoo#270653|odoo/odoo#271617,0,20
167132,2026-06-27T01:29:15Z,2026-06-27,01,275,failed,1,1,ci/runbot on 65e399d742fa3852c5452172c946289823974b7e (view more at https://runbot.odoo.com/runbot/batch/2610046/build/115653402),odoo/upgrade-util: ci/runbot,flaky_retry,1,ci_failure,,1,25
167133,2026-06-27T01:34:24Z,2026-06-27,01,275,failed,16,16,,odoo/upgrade-util: ci/runbot,attributed_to_flaky,1,ci_failure,odoo/enterprise#121639|odoo/enterprise#121672|odoo/odoo#270653|odoo/odoo#271592|odoo/odoo#271681|odoo/odoo#271806|odoo/odoo#271811|odoo/odoo#271812|odoo/odoo#271817|odoo/odoo#271856|odoo/odoo#271860|odoo/odoo#271866|odoo/odoo#271952|odoo/odoo#271982,0,5
167134,2026-06-27T01:39:18Z,2026-06-27,01,272,failed,8,8,,odoo/upgrade-util: ci/runbot,attributed_to_flaky,1,ci_failure,odoo/enterprise#121639|odoo/odoo#270653|odoo/odoo#271592|odoo/odoo#271681|odoo/odoo#271806|odoo/odoo#271811|odoo/odoo#271812|odoo/odoo#271817,0,5
167135,2026-06-27T01:44:03Z,2026-06-27,01,325,failed,4,4,,odoo/upgrade-util: ci/runbot,attributed_to_flaky,1,ci_failure,odoo/odoo#270653|odoo/odoo#271592|odoo/odoo#271812|odoo/odoo#271817,0,11
167136,2026-06-27T01:49:36Z,2026-06-27,01,275,failed,2,2,,odoo/upgrade-util: ci/runbot,attributed_to_flaky,1,ci_failure,odoo/odoo#270653|odoo/odoo#271592,0,23
167137,2026-06-27T01:54:18Z,2026-06-27,01,280,failed,1,1,ci/runbot on 4169f84c5950400939f6369b1327659113dc8901 (view more at https://runbot.odoo.com/runbot/batch/2610051/build/115653613),odoo/upgrade-util: ci/runbot,flaky_retry,1,ci_failure,,1,28
167138,2026-06-27T01:59:45Z,2026-06-27,01,308,failed,16,16,,odoo/upgrade: ci/runbot,attributed_to_flaky,1,ci_failure,odoo/enterprise#121639|odoo/enterprise#121672|odoo/odoo#271592|odoo/odoo#271681|odoo/odoo#271806|odoo/odoo#271811|odoo/odoo#271812|odoo/odoo#271817|odoo/odoo#271856|odoo/odoo#271860|odoo/odoo#271866|odoo/odoo#271952|odoo/odoo#271982,0,0
167139,2026-06-27T02:05:13Z,2026-06-27,02,276,failed,8,8,,odoo/upgrade-util: ci/runbot,attributed_to_flaky,1,ci_failure,odoo/enterprise#121639|odoo/odoo#271592|odoo/odoo#271681|odoo/odoo#271806|odoo/odoo#271811|odoo/odoo#271812|odoo/odoo#271817|odoo/odoo#271856,0,8
167140,2026-06-27T02:10:01Z,2026-06-27,02,277,failed,4,4,,odoo/upgrade-util: ci/runbot,attributed_to_flaky,1,ci_failure,odoo/odoo#271592|odoo/odoo#271811|odoo/odoo#271812|odoo/odoo#271817,0,15
167141,2026-06-27T02:14:46Z,2026-06-27,02,278,failed,2,2,,odoo/upgrade-util: ci/runbot,attributed_to_flaky,1,ci_failure,odoo/odoo#271592|odoo/odoo#271817,0,26
167142,2026-06-27T02:19:30Z,2026-06-27,02,282,failed,1,1,ci/runbot on 100e3c10963be4167409d7f2cd46c5f901a37dd6 (view more at https://runbot.odoo.com/runbot/batch/2610060/build/115653849),odoo/upgrade-util: ci/runbot,flaky_retry,1,ci_failure,,1,32
167143,2026-06-27T02:24:45Z,2026-06-27,02,275,failed,16,16,,odoo/upgrade-util: ci/runbot,attributed_to_flaky,1,ci_failure,odoo/enterprise#121639|odoo/enterprise#121672|odoo/odoo#271681|odoo/odoo#271806|odoo/odoo#271811|odoo/odoo#271812|odoo/odoo#271817|odoo/odoo#271856|odoo/odoo#271860|odoo/odoo#271866|odoo/odoo#271952|odoo/odoo#271982,0,11
167145,2026-06-27T02:29:53Z,2026-06-27,02,275,failed,8,8,,odoo/upgrade-util: ci/runbot,attributed_to_flaky,1,ci_failure,odoo/enterprise#121639|odoo/enterprise#121672|odoo/odoo#271681|odoo/odoo#271806|odoo/odoo#271811|odoo/odoo#271812|odoo/odoo#271817|odoo/odoo#271856,0,10
167146,2026-06-27T02:34:40Z,2026-06-27,02,303,failed,4,4,,odoo/upgrade-util: ci/runbot,attributed_to_flaky,1,ci_failure,odoo/odoo#271806|odoo/odoo#271811|odoo/odoo#271812|odoo/odoo#271817,0,16
167148,2026-06-27T02:39:52Z,2026-06-27,02,298,failed,2,2,,odoo/upgrade-util: ci/runbot,attributed_to_flaky,1,ci_failure,odoo/odoo#271812|odoo/odoo#271817,0,26
167149,2026-06-27T02:44:57Z,2026-06-27,02,280,failed,1,1,ci/runbot on 8964f6e00fb83818b08895c93e009dc7fdc148d0 (view more at https://runbot.odoo.com/runbot/batch/2610087/build/115666115),odoo/upgrade-util: ci/runbot,flaky_retry,1,ci_failure,,1,32
167150,2026-06-27T02:50:11Z,2026-06-27,02,278,failed,16,16,,odoo/upgrade-util: ci/runbot,attributed_to_flaky,1,ci_failure,odoo/enterprise#121639|odoo/enterprise#121672|odoo/odoo#271681|odoo/odoo#271806|odoo/odoo#271811|odoo/odoo#271812|odoo/odoo#271856|odoo/odoo#271860|odoo/odoo#271866|odoo/odoo#271952|odoo/odoo#271982,0,11
167151,2026-06-27T02:55:09Z,2026-06-27,02,280,failed,8,8,,odoo/upgrade-util: ci/runbot,attributed_to_flaky,1,ci_failure,odoo/enterprise#121639|odoo/enterprise#121672|odoo/odoo#271681|odoo/odoo#271806|odoo/odoo#271811|odoo/odoo#271812|odoo/odoo#271856|odoo/odoo#271860,0,11
167152,2026-06-27T03:00:00Z,2026-06-27,03,271,failed,4,4,,odoo/upgrade-util: ci/runbot,attributed_to_flaky,1,ci_failure,odoo/enterprise#121639|odoo/odoo#271806|odoo/odoo#271811|odoo/odoo#271812,0,17
167154,2026-06-27T03:04:47Z,2026-06-27,03,281,failed,2,2,,odoo/upgrade-util: ci/runbot,attributed_to_flaky,1,ci_failure,odoo/odoo#271811|odoo/odoo#271812,0,27
167156,2026-06-27T03:09:34Z,2026-06-27,03,273,failed,1,1,ci/runbot on 72a4d8eb776a0af0c52249d720ef68dad92ac1ca (view more at https://runbot.odoo.com/runbot/batch/2610106/build/115666977),odoo/upgrade-util: ci/runbot,flaky_retry,1,ci_failure,,1,32
167157,2026-06-27T03:14:40Z,2026-06-27,03,275,failed,16,16,,odoo/upgrade-util: ci/runbot,attributed_to_flaky,1,ci_failure,odoo/enterprise#121639|odoo/enterprise#121672|odoo/odoo#271681|odoo/odoo#271806|odoo/odoo#271811|odoo/odoo#271856|odoo/odoo#271860|odoo/odoo#271866|odoo/odoo#271952|odoo/odoo#271982,0,11
167158,2026-06-27T03:19:33Z,2026-06-27,03,279,failed,8,8,,odoo/upgrade-util: ci/runbot,attributed_to_flaky,1,ci_failure,odoo/enterprise#121639|odoo/enterprise#121672|odoo/odoo#271681|odoo/odoo#271806|odoo/odoo#271811|odoo/odoo#271856|odoo/odoo#271860|odoo/odoo#271866,0,11
167159,2026-06-27T03:24:23Z,2026-06-27,03,295,failed,4,4,,odoo/upgrade-util: ci/runbot,attributed_to_flaky,1,ci_failure,odoo/enterprise#121639|odoo/odoo#271681|odoo/odoo#271806|odoo/odoo#271811,0,16
167160,2026-06-27T03:29:25Z,2026-06-27,03,277,failed,2,2,,odoo/upgrade-util: ci/runbot,attributed_to_flaky,1,ci_failure,odoo/odoo#271806|odoo/odoo#271811,0,25
167161,2026-06-27T03:34:08Z,2026-06-27,03,274,failed,1,1,ci/runbot on 4571e0acd8303428670c1540dac75023ee058aa0 (view more at https://runbot.odoo.com/runbot/batch/2610116/build/115667318),odoo/upgrade-util: ci/runbot,flaky_retry,1,ci_failure,,1,31
167162,2026-06-27T03:39:14Z,2026-06-27,03,275,failed,16,16,,odoo/upgrade-util: ci/runbot,attributed_to_flaky,1,ci_failure,odoo/enterprise#121639|odoo/enterprise#121672|odoo/odoo#271681|odoo/odoo#271806|odoo/odoo#271856|odoo/odoo#271860|odoo/odoo#271866|odoo/odoo#271952|odoo/odoo#271982,0,11
167163,2026-06-27T03:44:06Z,2026-06-27,03,265,failed,8,8,,odoo/upgrade-util: ci/runbot,attributed_to_flaky,1,ci_failure,odoo/enterprise#121639|odoo/enterprise#121672|odoo/odoo#271681|odoo/odoo#271806|odoo/odoo#271856|odoo/odoo#271860|odoo/odoo#271866|odoo/odoo#271952,0,10
167164,2026-06-27T03:48:42Z,2026-06-27,03,264,failed,4,4,,odoo/upgrade-util: ci/runbot,attributed_to_flaky,1,ci_failure,odoo/enterprise#121639|odoo/odoo#271681|odoo/odoo#271806|odoo/odoo#271856,0,16
167165,2026-06-27T03:53:14Z,2026-06-27,03,289,failed,2,2,,odoo/upgrade-util: ci/runbot,attributed_to_flaky,1,ci_failure,odoo/enterprise#121639|odoo/odoo#271806,0,26
167166,2026-06-27T03:58:09Z,2026-06-27,03,276,failed,1,1,ci/runbot on da89e9b41d8713d3235440c709c9849861765936 (view more at https://runbot.odoo.com/runbot/batch/2610122/build/115667623),odoo/upgrade-util: ci/runbot,flaky_retry,1,ci_failure,,1,31
167167,2026-06-27T04:03:19Z,2026-06-27,04,298,failed,16,16,,odoo/upgrade-util: ci/runbot,attributed_to_flaky,1,ci_failure,odoo/enterprise#121639|odoo/enterprise#121672|odoo/odoo#271681|odoo/odoo#271856|odoo/odoo#271860|odoo/odoo#271866|odoo/odoo#271952|odoo/odoo#271982,0,11
167168,2026-06-27T04:08:35Z,2026-06-27,04,310,failed,8,8,,odoo/upgrade-util: ci/runbot,attributed_to_flaky,1,ci_failure,odoo/enterprise#121639|odoo/enterprise#121672|odoo/odoo#271681|odoo/odoo#271856|odoo/odoo#271860|odoo/odoo#271866|odoo/odoo#271952|odoo/odoo#271982,0,11
167169,2026-06-27T04:13:57Z,2026-06-27,04,294,failed,4,4,,odoo/upgrade-util: ci/runbot,attributed_to_flaky,1,ci_failure,odoo/enterprise#121639|odoo/enterprise#121672|odoo/odoo#271681|odoo/odoo#271856,0,16
167170,2026-06-27T04:19:00Z,2026-06-27,04,286,failed,2,2,,odoo/upgrade-util: ci/runbot,attributed_to_flaky,1,ci_failure,odoo/enterprise#121639|odoo/odoo#271681,0,26
167171,2026-06-27T04:23:52Z,2026-06-27,04,285,failed,1,1,ci/runbot on 8b18005703cb786a34e33f5e6ca83ada8e8a6d33 (view more at https://runbot.odoo.com/runbot/batch/2610138/build/115668170),odoo/upgrade-util: ci/runbot,flaky_retry,1,ci_failure,,1,31
167172,2026-06-27T04:29:09Z,2026-06-27,04,267,failed,16,16,,odoo/upgrade-util: ci/runbot,attributed_to_flaky,1,ci_failure,odoo/enterprise#121672|odoo/odoo#271681|odoo/odoo#271856|odoo/odoo#271860|odoo/odoo#271866|odoo/odoo#271952|odoo/odoo#271982,0,11
167173,2026-06-27T04:33:55Z,2026-06-27,04,298,failed,8,8,,odoo/upgrade-util: ci/runbot,attributed_to_flaky,1,ci_failure,odoo/enterprise#121672|odoo/odoo#271681|odoo/odoo#271856|odoo/odoo#271860|odoo/odoo#271866|odoo/odoo#271952|odoo/odoo#271982,0,11
167174,2026-06-27T04:39:04Z,2026-06-27,04,263,failed,4,4,,odoo/upgrade-util: ci/runbot,attributed_to_flaky,1,ci_failure,odoo/enterprise#121672|odoo/odoo#271681|odoo/odoo#271856|odoo/odoo#271860,0,16
167175,2026-06-27T04:43:35Z,2026-06-27,04,275,failed,2,2,,odoo/upgrade-util: ci/runbot,attributed_to_flaky,1,ci_failure,odoo/odoo#271681|odoo/odoo#271856,0,26
167176,2026-06-27T04:48:17Z,2026-06-27,04,290,failed,1,1,ci/runbot on 6b8350ca60be7aa6e88e21302b2b2c0ac22ef5c7 (view more at https://runbot.odoo.com/runbot/batch/2610158/build/115668661),odoo/upgrade-util: ci/runbot,flaky_retry,1,ci_failure,,1,31
167177,2026-06-27T04:53:40Z,2026-06-27,04,272,failed,16,16,,odoo/upgrade-util: ci/runbot,attributed_to_flaky,1,ci_failure,odoo/enterprise#121672|odoo/odoo#271856|odoo/odoo#271860|odoo/odoo#271866|odoo/odoo#271952|odoo/odoo#271982,0,11
167178,2026-06-27T04:58:31Z,2026-06-27,04,298,failed,8,8,,odoo/upgrade-util: ci/runbot,attributed_to_flaky,1,ci_failure,odoo/enterprise#121672|odoo/odoo#271856|odoo/odoo#271860|odoo/odoo#271866|odoo/odoo#271952|odoo/odoo#271982,0,11
167179,2026-06-27T05:03:41Z,2026-06-27,05,284,failed,4,4,,odoo/upgrade-util: ci/runbot,attributed_to_flaky,1,ci_failure,odoo/enterprise#121672|odoo/odoo#271856|odoo/odoo#271860|odoo/odoo#271866,0,16
167180,2026-06-27T05:08:33Z,2026-06-27,05,286,failed,2,2,,odoo/upgrade-util: ci/runbot,attributed_to_flaky,1,ci_failure,odoo/enterprise#121672|odoo/odoo#271856,0,26
167181,2026-06-27T05:13:25Z,2026-06-27,05,275,failed,1,1,ci/runbot on 86b83f3ff32ca0c837ccdc01d67aaccc880197f4 (view more at https://runbot.odoo.com/runbot/batch/2610166/build/115669056),odoo/upgrade-util: ci/runbot,flaky_retry,1,ci_failure,,1,31
167187,2026-06-27T05:20:11Z,2026-06-27,05,284,failed,16,16,,odoo/upgrade-util: ci/runbot,attributed_to_flaky,1,ci_failure,odoo/enterprise#121672|odoo/odoo#271860|odoo/odoo#271866|odoo/odoo#271952|odoo/odoo#271982,0,11
167188,2026-06-27T05:25:14Z,2026-06-27,05,295,failed,8,8,,odoo/upgrade-util: ci/runbot,attributed_to_flaky,1,ci_failure,odoo/enterprise#121672|odoo/odoo#271860|odoo/odoo#271866|odoo/odoo#271952|odoo/odoo#271982,0,10
167189,2026-06-27T05:30:22Z,2026-06-27,05,292,failed,4,4,,odoo/upgrade-util: ci/runbot,attributed_to_flaky,1,ci_failure,odoo/enterprise#121672|odoo/odoo#271860|odoo/odoo#271866|odoo/odoo#271952,0,15
167190,2026-06-27T05:35:22Z,2026-06-27,05,274,failed,2,2,,odoo/upgrade-util: ci/runbot,attributed_to_flaky,1,ci_failure,odoo/enterprise#121672|odoo/odoo#271860,0,24
167191,2026-06-27T05:40:03Z,2026-06-27,05,303,failed,1,1,ci/runbot on 16077fe73e3b8294e9556b04935df4fb7c01dca6 (view more at https://runbot.odoo.com/runbot/batch/2610181/build/115669651),odoo/upgrade-util: ci/runbot,flaky_retry,1,ci_failure,,1,29
167192,2026-06-27T05:45:39Z,2026-06-27,05,287,failed,16,16,,odoo/upgrade-util: ci/runbot,attributed_to_flaky,1,ci_failure,odoo/odoo#271860|odoo/odoo#271866|odoo/odoo#271952|odoo/odoo#271982,0,11
167193,2026-06-27T05:50:44Z,2026-06-27,05,281,failed,8,8,,odoo/upgrade-util: ci/runbot,attributed_to_flaky,1,ci_failure,odoo/odoo#271860|odoo/odoo#271866|odoo/odoo#271952|odoo/odoo#271982,0,10
167194,2026-06-27T05:55:37Z,2026-06-27,05,283,failed,4,4,,odoo/upgrade-util: ci/runbot,attributed_to_flaky,1,ci_failure,odoo/odoo#271860|odoo/odoo#271866|odoo/odoo#271952|odoo/odoo#271982,0,10
167195,2026-06-27T06:00:28Z,2026-06-27,06,278,failed,2,2,,odoo/upgrade-util: ci/runbot,attributed_to_flaky,1,ci_failure,odoo/odoo#271860|odoo/odoo#271866,0,19
167196,2026-06-27T06:05:12Z,2026-06-27,06,285,failed,1,1,ci/runbot on cbad814e0abc37eb2ca75470ab8f57de13256b25 (view more at https://runbot.odoo.com/runbot/batch/2610191/build/115670008),odoo/upgrade-util: ci/runbot,flaky_retry,1,ci_failure,odoo/odoo#271860,1,24
167197,2026-06-27T06:10:29Z,2026-06-27,06,283,failed,16,16,,odoo/upgrade-util: ci/runbot,attributed_to_flaky,1,ci_failure,odoo/odoo#271866|odoo/odoo#271952|odoo/odoo#271982,0,11
167198,2026-06-27T06:15:31Z,2026-06-27,06,272,failed,8,8,,odoo/upgrade-util: ci/runbot,attributed_to_flaky,1,ci_failure,odoo/odoo#271866|odoo/odoo#271952|odoo/odoo#271982,0,10
167199,2026-06-27T06:20:15Z,2026-06-27,06,286,failed,4,4,,odoo/upgrade-util: ci/runbot,attributed_to_flaky,1,ci_failure,odoo/odoo#271866|odoo/odoo#271952|odoo/odoo#271982,0,9
167200,2026-06-27T06:25:10Z,2026-06-27,06,273,failed,2,2,,odoo/upgrade-util: ci/runbot,attributed_to_flaky,1,ci_failure,odoo/odoo#271866|odoo/odoo#271952,0,14
167201,2026-06-27T06:29:49Z,2026-06-27,06,288,failed,1,1,ci/runbot on b18615a925f528ed954de3faff8b6e51ed99063b (view more at https://runbot.odoo.com/runbot/batch/2610198/build/115670277),odoo/upgrade-util: ci/runbot,flaky_retry,1,ci_failure,odoo/odoo#271866,1,19
167202,2026-06-27T06:35:09Z,2026-06-27,06,283,failed,16,16,,odoo/upgrade-util: ci/runbot,attributed_to_flaky,1,ci_failure,odoo/odoo#271952|odoo/odoo#271982,0,11
167204,2026-06-27T06:40:09Z,2026-06-27,06,306,failed,8,8,,odoo/upgrade-util: ci/runbot,attributed_to_flaky,1,ci_failure,odoo/odoo#271952|odoo/odoo#271982,0,10
167205,2026-06-27T06:45:26Z,2026-06-27,06,268,failed,4,4,,odoo/upgrade-util: ci/runbot,attributed_to_flaky,1,ci_failure,odoo/odoo#271952|odoo/odoo#271982,0,9
167206,2026-06-27T06:50:02Z,2026-06-27,06,283,failed,2,2,,odoo/upgrade-util: ci/runbot,attributed_to_flaky,1,ci_failure,odoo/odoo#271952|odoo/odoo#271982,0,9
167207,2026-06-27T06:54:52Z,2026-06-27,06,313,failed,1,1,ci/runbot on f4e1fac2c9232ebe0b5c8b54bac88d5602cb8dd6 (view more at https://runbot.odoo.com/runbot/batch/2610214/build/115670752),odoo/upgrade-util: ci/runbot,flaky_retry,1,ci_failure,,0,14
167209,2026-06-27T07:00:38Z,2026-06-27,07,295,failed,16,16,,odoo/upgrade-util: ci/runbot,attributed_to_flaky,1,ci_failure,odoo/odoo#271982,0,11
167210,2026-06-27T07:05:51Z,2026-06-27,07,268,failed,8,8,,odoo/upgrade-util: ci/runbot,attributed_to_flaky,1,ci_failure,odoo/odoo#271982,0,10
167211,2026-06-27T07:10:31Z,2026-06-27,07,297,failed,4,4,,odoo/upgrade-util: ci/runbot,attributed_to_flaky,1,ci_failure,odoo/odoo#271982,0,9
167212,2026-06-27T07:15:36Z,2026-06-27,07,295,failed,2,2,,odoo/upgrade-util: ci/runbot,attributed_to_flaky,1,ci_failure,odoo/odoo#271982,0,8
167213,2026-06-27T07:20:37Z,2026-06-27,07,276,failed,1,1,ci/runbot on 893b898af019bda2de9d79bbd0a4c0062cf69135 (view more at https://runbot.odoo.com/runbot/batch/2610226/build/115671151),odoo/upgrade-util: ci/runbot,flaky_retry,1,ci_failure,odoo/odoo#271982,1,9
167214,2026-06-27T07:25:46Z,2026-06-27,07,287,failed,16,16,,odoo/upgrade-util: ci/runbot,no_culprit,1,ci_failure,,0,11
167215,2026-06-27T07:30:52Z,2026-06-27,07,6046,merged,8,8,,,,,,,,
167218,2026-06-27T09:11:56Z,2026-06-27,09,5348,killed,8,8,Fast Forward Failed,,,,,,,
167225,2026-06-27T10:41:35Z,2026-06-27,10,4929,merged,16,16,,,,,,,,
167229,2026-06-27T12:07:14Z,2026-06-27,12,4876,merged,16,17,,,,,,,,
167234,2026-06-27T13:29:03Z,2026-06-27,13,5050,merged,16,17,,,,,,,,
167235,2026-06-27T14:53:44Z,2026-06-27,14,5200,merged,16,17,,,,,,,,
167237,2026-06-27T16:20:53Z,2026-06-27,16,5141,merged,16,16,,,,,,,,
167238,2026-06-27T17:46:53Z,2026-06-27,17,6551,merged,9,9,,,,,,,,
167245,2026-06-28T06:57:49Z,2026-06-28,06,1157,merged,1,1,,,,,,,,
167251,2026-06-28T08:48:04Z,2026-06-28,08,1364,failed,1,1,ci/runbot on 2c07b1d6d4eda65fd7f5d8afa6c43320f8438995 (view more at https://runbot.odoo.com/runbot/batch/2610514/build/115747267),odoo/enterprise: ci/runbot,flaky_retry,1,ci_failure,,1,5
167252,2026-06-28T09:11:10Z,2026-06-28,09,1387,failed,10,10,,odoo/enterprise: ci/runbot,attributed_to_flaky,1,ci_failure,odoo/odoo#271860|odoo/odoo#271982|odoo/odoo#272432,0,1
167255,2026-06-28T09:34:30Z,2026-06-28,09,1449,failed,5,5,,odoo/enterprise: ci/runbot,attributed_to_flaky,1,ci_failure,odoo/odoo#271860|odoo/odoo#271982|odoo/odoo#272432,0,1
167256,2026-06-28T09:58:48Z,2026-06-28,09,1314,failed,3,3,,odoo/enterprise: ci/runbot,attributed_to_flaky,1,ci_failure,odoo/odoo#271860|odoo/odoo#271982|odoo/odoo#272432,0,1
167257,2026-06-28T10:20:50Z,2026-06-28,10,1267,failed,2,2,,odoo/enterprise: ci/runbot,attributed_to_flaky,1,ci_failure,odoo/odoo#271982|odoo/odoo#272432,0,1
167259,2026-06-28T10:42:04Z,2026-06-28,10,1363,failed,1,1,ci/runbot on dd1368d52829d85637f9f1bdd256ee216784e597 (view more at https://runbot.odoo.com/runbot/batch/2610542/build/115747880),odoo/enterprise: ci/runbot,flaky_retry,1,ci_failure,,1,5
167260,2026-06-28T11:05:10Z,2026-06-28,11,1337,failed,10,10,,odoo/enterprise: ci/runbot,attributed_to_flaky,1,ci_failure,odoo/odoo#271860|odoo/odoo#271982,0,1
167261,2026-06-28T11:27:40Z,2026-06-28,11,1566,failed,5,5,,odoo/enterprise: ci/runbot,attributed_to_flaky,1,ci_failure,odoo/odoo#271860|odoo/odoo#271982,0,1
167262,2026-06-28T11:53:55Z,2026-06-28,11,1475,failed,3,3,,odoo/enterprise: ci/runbot,attributed_to_flaky,1,ci_failure,odoo/odoo#271860|odoo/odoo#271982,0,1
167263,2026-06-28T12:18:38Z,2026-06-28,12,1422,failed,2,2,,odoo/enterprise: ci/runbot,attributed_to_flaky,1,ci_failure,odoo/odoo#271860|odoo/odoo#271982,0,1
167265,2026-06-28T12:42:26Z,2026-06-28,12,1379,failed,1,1,ci/runbot (view more at https://runbot.odoo.com/runbot/batch/2610564/build/115748615),odoo/odoo: ci/runbot,flaky_retry,1,ci_failure,,1,1
167266,2026-06-28T13:05:46Z,2026-06-28,13,1373,failed,9,9,,odoo/enterprise: ci/runbot,attributed_to_flaky,1,ci_failure,odoo/odoo#271860,0,0
167269,2026-06-28T13:29:16Z,2026-06-28,13,1325,failed,5,5,,odoo/enterprise: ci/runbot,attributed_to_flaky,1,ci_failure,odoo/odoo#271860,0,0
167274,2026-06-28T13:51:31Z,2026-06-28,13,1509,failed,3,3,,odoo/enterprise: ci/runbot,attributed_to_flaky,1,ci_failure,odoo/odoo#271860,0,0
167276,2026-06-28T14:16:47Z,2026-06-28,14,1456,failed,2,2,,odoo/odoo: ci/runbot,attributed_to_flaky,1,ci_failure,odoo/odoo#271860,0,1
167279,2026-06-28T14:41:09Z,2026-06-28,14,1473,failed,1,1,ci/runbot on 02affdcbf8d319cbfaeef9a9d5b45dc18090d564 (view more at https://runbot.odoo.com/runbot/batch/2610605/build/115749646),odoo/enterprise: ci/runbot,flaky_retry,1,ci_failure,,1,2
167280,2026-06-28T15:06:02Z,2026-06-28,15,1469,failed,8,8,,odoo/enterprise: ci/runbot,no_culprit,1,ci_failure,,0,1
167282,2026-06-28T15:30:43Z,2026-06-28,15,1368,failed,4,4,,odoo/enterprise: ci/runbot,no_culprit,1,ci_failure,,0,1
167284,2026-06-28T15:53:39Z,2026-06-28,15,736,killed,2,2,"Cancelled by Pierre Paridans (app) because broken by TestUi.test_split_shift_ui, test-tags added",,,,,,,
167285,2026-06-28T16:06:14Z,2026-06-28,16,4675,merged,8,8,,,,,,,,
167290,2026-06-28T17:24:20Z,2026-06-28,17,6107,failed,4,4,,odoo/upgrade: ci/upgrade_enterprise,no_culprit,1,ci_failure,,0,0
167295,2026-06-28T19:06:15Z,2026-06-28,19,6578,failed,2,2,,odoo/enterprise: ci/upgrade_enterprise,no_culprit,1,ci_failure,,0,0
167299,2026-06-28T20:56:00Z,2026-06-28,20,5870,merged,1,1,,,,,,,,
167301,2026-06-28T22:33:56Z,2026-06-28,22,4230,merged,1,1,,,,,,,,
167302,2026-06-28T23:44:34Z,2026-06-28,23,4523,merged,2,2,,,,,,,,
167303,2026-06-29T01:00:14Z,2026-06-29,01,5473,merged,3,3,,,,,,,,
167305,2026-06-29T04:17:58Z,2026-06-29,04,5130,merged,1,1,,,,,,,,
167317,2026-06-29T05:43:50Z,2026-06-29,05,5477,merged,2,2,,,,,,,,
167330,2026-06-29T07:15:55Z,2026-06-29,07,2606,killed,12,13,freeze by moc@odoo.com,,,,,,,
167352,2026-06-29T09:22:05Z,2026-06-29,09,802,killed,16,18,odoo/upgrade#10387 unreviewed (r-) by KangOl,,,,,,,
167355,2026-06-29T09:36:05Z,2026-06-29,09,1933,failed,16,17,,odoo/odoo: ci/runbot,no_culprit,1,ci_failure,,0,0
167365,2026-06-29T10:08:41Z,2026-06-29,10,5090,failed,8,9,,odoo/odoo: ci/runbot,no_culprit,1,ci_failure,,0,0
167380,2026-06-29T11:33:45Z,2026-06-29,11,6499,merged,4,5,,,,,,,,
167398,2026-06-29T13:22:44Z,2026-06-29,13,6572,merged,4,4,,,,,,,,
167410,2026-06-29T15:12:35Z,2026-06-29,15,5440,merged,8,8,,,,,,,,
167421,2026-06-29T16:44:23Z,2026-06-29,16,4137,failed,16,21,,odoo/odoo: ci/upgrade_enterprise,no_culprit,1,ci_failure,,0,0
167426,2026-06-29T17:53:48Z,2026-06-29,17,7252,merged,8,12,,,,,,,,
167434,2026-06-29T19:54:59Z,2026-06-29,19,6033,merged,8,9,,,,,,,,
167447,2026-06-29T21:36:28Z,2026-06-29,21,5985,merged,16,20,,,,,,,,
167452,2026-06-29T23:16:53Z,2026-06-29,23,5306,failed,14,14,,odoo/odoo: ci/runbot,no_culprit,1,ci_failure,,0,0
167456,2026-06-30T00:45:37Z,2026-06-30,00,6211,merged,7,7,,,,,,,,
167462,2026-06-30T02:29:23Z,2026-06-30,02,5968,merged,7,7,,,,,,,,
167464,2026-06-30T04:09:06Z,2026-06-30,04,6493,merged,4,4,,,,,,,,
167476,2026-06-30T05:57:30Z,2026-06-30,05,4381,failed,4,4,,odoo/enterprise: ci/runbot,no_culprit,1,ci_failure,,0,0
167494,2026-06-30T07:10:39Z,2026-06-30,07,6332,merged,2,2,,,,,,,,
167505,2026-06-30T08:56:20Z,2026-06-30,08,6308,merged,2,2,,,,,,,,
167522,2026-06-30T10:42:37Z,2026-06-30,10,6499,merged,16,22,,,,,,,,
167536,2026-06-30T12:32:18Z,2026-06-30,12,6501,merged,16,20,,,,,,,,
167547,2026-06-30T14:21:31Z,2026-06-30,14,6281,merged,16,17,,,,,,,,
167559,2026-06-30T16:07:00Z,2026-06-30,16,7095,merged,12,13,,,,,,,,
167584,2026-06-30T18:06:02Z,2026-06-30,18,4867,failed,8,10,,odoo/enterprise: ci/runbot,no_culprit,1,ci_failure,,0,0
167593,2026-06-30T19:27:27Z,2026-06-30,19,6102,merged,4,6,,,,,,,,
167606,2026-06-30T21:09:20Z,2026-06-30,21,6139,merged,4,4,,,,,,,,
167612,2026-06-30T22:51:49Z,2026-06-30,22,5559,failed,3,3,,odoo/enterprise: ci/l10n,attributed_to_flaky,1,ci_failure,odoo/enterprise#122327,0,0
167619,2026-07-01T00:24:37Z,2026-07-01,00,2912,failed,2,2,,odoo/enterprise: ci/l10n,attributed_to_flaky,1,ci_failure,odoo/enterprise#122327,0,0
167623,2026-07-01T01:13:16Z,2026-07-01,01,2639,failed,1,1,ci/l10n (view more at https://runbot.odoo.com/runbot/batch/2616202/build/116088188),odoo/enterprise: ci/l10n,flaky_retry,1,ci_failure,,1,3
167626,2026-07-01T01:57:43Z,2026-07-01,01,2250,failed,5,5,,odoo/enterprise: ci/l10n,attributed_to_flaky,1,ci_failure,odoo/odoo#268308,0,1
167630,2026-07-01T02:35:23Z,2026-07-01,02,1613,failed,3,3,,odoo/enterprise: ci/l10n,attributed_to_flaky,1,ci_failure,odoo/odoo#268308,0,1
167632,2026-07-01T03:02:25Z,2026-07-01,03,1631,failed,2,2,,odoo/enterprise: ci/l10n,attributed_to_flaky,1,ci_failure,odoo/odoo#268308,0,1
167634,2026-07-01T03:30:01Z,2026-07-01,03,1654,failed,1,1,ci/l10n on 07d338a9b51f6b1382b5760a21f3602e417ab4ca (view more at https://runbot.odoo.com/runbot/batch/2616232/build/116099623),odoo/enterprise: ci/l10n,flaky_retry,1,ci_failure,,0,3
167635,2026-07-01T03:57:55Z,2026-07-01,03,1574,failed,6,6,,odoo/enterprise: ci/l10n,no_culprit,1,ci_failure,,0,1
167638,2026-07-01T04:24:19Z,2026-07-01,04,1729,failed,3,3,,odoo/enterprise: ci/l10n,no_culprit,1,ci_failure,,0,1
167642,2026-07-01T04:53:16Z,2026-07-01,04,1749,failed,2,2,,odoo/enterprise: ci/l10n,no_culprit,1,ci_failure,,0,1
167656,2026-07-01T05:22:31Z,2026-07-01,05,1166,killed,1,1,Cancelled by Xavier Morel (xmo),,,,,,,
167663,2026-07-01T05:42:44Z,2026-07-01,05,6323,merged,10,11,,,,,,,,
167680,2026-07-01T07:28:34Z,2026-07-01,07,6922,failed,12,12,,odoo/enterprise: ci/l10n,no_culprit,1,ci_failure,,0,0
167700,2026-07-01T09:24:12Z,2026-07-01,09,5806,merged,6,6,,,,,,,,
167712,2026-07-01T11:01:13Z,2026-07-01,11,6274,merged,6,6,,,,,,,,
167724,2026-07-01T12:46:51Z,2026-07-01,12,4966,failed,16,20,,odoo/enterprise: ci/runbot,no_culprit,1,ci_failure,,0,0
167731,2026-07-01T14:10:02Z,2026-07-01,14,5165,failed,8,11,,odoo/enterprise: ci/runbot,no_culprit,1,ci_failure,,0,0
167740,2026-07-01T15:36:20Z,2026-07-01,15,6342,merged,4,4,,,,,,,,
167751,2026-07-01T17:22:22Z,2026-07-01,17,6660,merged,4,7,,,,,,,,
167762,2026-07-01T19:13:41Z,2026-07-01,19,8785,merged,8,9,,,,,,,,
167775,2026-07-01T21:41:16Z,2026-07-01,21,6641,merged,16,21,,,,,,,,
167783,2026-07-01T23:32:38Z,2026-07-01,23,8291,merged,16,18,,,,,,,,
167791,2026-07-02T01:51:22Z,2026-07-02,01,7102,merged,16,16,,,,,,,,
167797,2026-07-02T03:50:19Z,2026-07-02,03,6884,merged,16,18,,,,,,,,
167811,2026-07-02T05:45:21Z,2026-07-02,05,6491,merged,7,7,,,,,,,,
167820,2026-07-02T07:34:05Z,2026-07-02,07,6783,merged,12,12,,,,,,,,
167832,2026-07-02T09:28:35Z,2026-07-02,09,4707,failed,10,12,,odoo/odoo: ci/runbot,no_culprit,1,ci_failure,,0,0
167844,2026-07-02T10:47:20Z,2026-07-02,10,6765,merged,5,7,,,,,,,,
167857,2026-07-02T12:40:20Z,2026-07-02,12,6562,merged,5,5,,,,,,,,
167878,2026-07-02T14:31:01Z,2026-07-02,14,7241,merged,16,21,,,,,,,,
167891,2026-07-02T16:32:39Z,2026-07-02,16,4418,failed,16,17,,odoo/enterprise: ci/runbot,no_culprit,1,ci_failure,,0,0
167899,2026-07-02T17:46:35Z,2026-07-02,17,6557,merged,8,8,,,,,,,,
167911,2026-07-02T19:36:10Z,2026-07-02,19,5849,merged,8,9,,,,,,,,
167918,2026-07-02T21:14:38Z,2026-07-02,21,8773,merged,16,17,,,,,,,,
167930,2026-07-02T23:41:25Z,2026-07-02,23,7578,merged,16,17,,,,,,,,
167936,2026-07-03T01:48:17Z,2026-07-03,01,6895,merged,5,6,,,,,,,,
167945,2026-07-03T03:43:21Z,2026-07-03,03,7412,merged,1,1,,,,,,,,
167955,2026-07-03T05:47:18Z,2026-07-03,05,6479,merged,5,6,,,,,,,,
167973,2026-07-03T07:35:45Z,2026-07-03,07,7073,merged,13,13,,,,,,,,
167985,2026-07-03T09:34:54Z,2026-07-03,09,6539,merged,16,18,,,,,,,,
167996,2026-07-03T11:24:42Z,2026-07-03,11,6951,merged,11,15,,,,,,,,
168006,2026-07-03T13:21:19Z,2026-07-03,13,6512,merged,11,14,,,,,,,,
168021,2026-07-03T15:10:39Z,2026-07-03,15,6412,merged,10,12,,,,,,,,
168031,2026-07-03T16:58:09Z,2026-07-03,16,6669,merged,9,9,,,,,,,,
168042,2026-07-03T18:49:44Z,2026-07-03,18,6719,merged,8,10,,,,,,,,
168050,2026-07-03T20:42:02Z,2026-07-03,20,7687,failed,1,1,ci/l10n on 116c2a058c9a8a81d905c531859f81becbad50eb (view more at https://runbot.odoo.com/runbot/batch/2624428/build/116522273),odoo/enterprise: ci/l10n,flaky_retry,1,ci_failure,,1,0
168059,2026-07-03T22:50:18Z,2026-07-03,22,7786,merged,2,2,,,,,,,,
168068,2026-07-04T01:00:14Z,2026-07-04,01,7178,merged,2,2,,,,,,,,
168078,2026-07-04T07:58:41Z,2026-07-04,07,5684,merged,1,1,,,,,,,,
168080,2026-07-04T09:33:31Z,2026-07-04,09,5065,killed,1,1,Fast Forward Failed,,,,,,,
168091,2026-07-04T10:59:12Z,2026-07-04,10,5006,merged,1,1,,,,,,,,
168099,2026-07-04T14:48:22Z,2026-07-04,14,4904,merged,1,1,,,,,,,,
168110,2026-07-04T20:14:52Z,2026-07-04,20,7812,merged,1,1,,,,,,,,
168116,2026-07-05T02:22:39Z,2026-07-05,02,304,merged,1,1,,,,,,,,
168119,2026-07-05T12:11:48Z,2026-07-05,12,5208,merged,1,1,,,,,,,,
168135,2026-07-05T20:04:56Z,2026-07-05,20,6224,merged,1,1,,,,,,,,
168144,2026-07-06T04:32:59Z,2026-07-06,04,5365,merged,1,1,,,,,,,,
168155,2026-07-06T06:02:38Z,2026-07-06,06,2754,failed,5,5,,odoo/enterprise: ci/runbot,no_culprit,1,ci_failure,,0,0
168164,2026-07-06T06:48:45Z,2026-07-06,06,2883,failed,3,3,,odoo/enterprise: ci/runbot,no_culprit,1,ci_failure,,0,0
168171,2026-07-06T07:36:56Z,2026-07-06,07,650,killed,2,2,Cancelled by Christophe Monniez (moc) because Failing test neutralized,,,,,,,
168175,2026-07-06T07:48:49Z,2026-07-06,07,7021,merged,16,18,,,,,,,,
168186,2026-07-06T09:47:11Z,2026-07-06,09,7446,merged,16,22,,,,,,,,
168200,2026-07-06T11:52:39Z,2026-07-06,11,6742,merged,16,19,,,,,,,,
168210,2026-07-06T13:46:08Z,2026-07-06,13,6171,merged,16,17,,,,,,,,
168221,2026-07-06T15:30:01Z,2026-07-06,15,1692,failed,16,17,,odoo/enterprise: ci/runbot,attributed_to_flaky,1,ci_failure,odoo/documentation#18737|odoo/enterprise#122921|odoo/odoo#273669,0,0
168223,2026-07-06T15:58:34Z,2026-07-06,15,6692,merged,8,8,,,,,,,,
168232,2026-07-06T17:50:26Z,2026-07-06,17,5747,failed,8,9,,odoo/enterprise: ci/runbot,attributed_to_flaky,1,ci_failure,odoo/documentation#18737|odoo/enterprise#122921|odoo/odoo#273669,0,0
168246,2026-07-06T19:27:36Z,2026-07-06,19,8490,merged,4,4,,,,,,,,
168252,2026-07-06T21:50:04Z,2026-07-06,21,2494,failed,4,5,,odoo/enterprise: ci/runbot,attributed_to_flaky,1,ci_failure,odoo/documentation#18737|odoo/enterprise#122921|odoo/odoo#273669,0,0
168255,2026-07-06T22:33:43Z,2026-07-06,22,4130,failed,2,2,,odoo/upgrade-util: ci/runbot,attributed_to_flaky,1,ci_failure,odoo/enterprise#122921,0,0
168260,2026-07-06T23:42:40Z,2026-07-06,23,1627,failed,1,1,ci/runbot (view more at https://runbot.odoo.com/runbot/batch/2628143/build/116858197),odoo/enterprise: ci/runbot,flaky_retry,1,ci_failure,,0,0
168262,2026-07-07T00:10:53Z,2026-07-07,00,4222,failed,16,17,,odoo/upgrade-util: ci/runbot,attributed_to_flaky,1,ci_failure,odoo/documentation#18737|odoo/odoo#273669,0,0
168264,2026-07-07T01:21:37Z,2026-07-07,01,4176,failed,8,8,,odoo/upgrade-util: ci/runbot,no_culprit,1,ci_failure,,0,0
168269,2026-07-07T02:31:25Z,2026-07-07,02,3707,failed,4,4,,odoo/upgrade-util: ci/runbot,no_culprit,1,ci_failure,,0,0
168272,2026-07-07T03:33:21Z,2026-07-07,03,3389,failed,2,2,,odoo/upgrade-util: ci/runbot,no_culprit,1,ci_failure,,0,0
168280,2026-07-07T04:29:57Z,2026-07-07,04,3961,killed,1,1,Cancelled by Xavier Morel (xmo),,,,,,,
168285,2026-07-07T05:45:08Z,2026-07-07,05,3714,failed,1,2,ci/runbot on 3c559db0f4c6460470be35f5e9aa4967843cbd95 (view more at https://runbot.odoo.com/runbot/batch/2628348/build/116887332),odoo/upgrade-util: ci/runbot,flaky_retry,1,ci_failure,,1,1
168296,2026-07-07T06:48:04Z,2026-07-07,06,444,killed,16,18,Cancelled by Xavier Morel (xmo),,,,,,,
168297,2026-07-07T06:59:08Z,2026-07-07,06,4250,failed,16,18,,odoo/upgrade-util: ci/runbot,no_culprit,1,ci_failure,,0,1
168307,2026-07-07T08:10:20Z,2026-07-07,08,4578,failed,8,8,,odoo/upgrade-util: ci/runbot,no_culprit,1,ci_failure,,0,0
168330,2026-07-07T09:26:51Z,2026-07-07,09,221,killed,4,4,Cancelled by Xavier Morel (xmo),,,,,,,
168333,2026-07-07T09:32:47Z,2026-07-07,09,7079,failed,16,19,,odoo/enterprise: ci/l10n,no_culprit,1,ci_failure,,0,0
168351,2026-07-07T11:31:09Z,2026-07-07,11,6424,merged,8,9,,,,,,,,
168361,2026-07-07T13:18:35Z,2026-07-07,13,6857,merged,8,10,,,,,,,,
168373,2026-07-07T15:14:47Z,2026-07-07,15,6517,merged,16,19,,,,,,,,
168383,2026-07-07T17:04:25Z,2026-07-07,17,6312,merged,16,19,,,,,,,,
168392,2026-07-07T18:50:36Z,2026-07-07,18,4435,failed,16,17,,odoo/enterprise: ci/runbot,no_culprit,1,ci_failure,,0,0
168400,2026-07-07T20:04:54Z,2026-07-07,20,5991,merged,8,9,,,,,,,,
168406,2026-07-07T21:45:08Z,2026-07-07,21,5645,merged,8,8,,,,,,,,
168411,2026-07-07T23:20:04Z,2026-07-07,23,9546,failed,16,17,,odoo/enterprise: ci/l10n,no_culprit,1,ci_failure,,0,0
168419,2026-07-08T01:59:31Z,2026-07-08,01,6216,merged,8,8,,,,,,,,
168422,2026-07-08T03:43:27Z,2026-07-08,03,6733,merged,8,9,,,,,,,,
168432,2026-07-08T05:36:53Z,2026-07-08,05,6262,merged,16,17,,,,,,,,
168441,2026-07-08T07:21:57Z,2026-07-08,07,7091,failed,16,17,,odoo/enterprise: ci/l10n,no_culprit,1,ci_failure,,0,0
168453,2026-07-08T09:20:32Z,2026-07-08,09,6711,merged,8,9,,,,,,,,
168463,2026-07-08T11:12:42Z,2026-07-08,11,5863,merged,8,8,,,,,,,,
168471,2026-07-08T12:51:36Z,2026-07-08,12,2543,failed,16,18,,odoo/enterprise: ci/runbot,no_culprit,1,ci_failure,,0,0
168476,2026-07-08T13:34:21Z,2026-07-08,13,2539,failed,8,9,,odoo/odoo: ci/runbot,no_culprit,1,ci_failure,,0,0
168482,2026-07-08T14:16:53Z,2026-07-08,14,6284,merged,4,5,,,,,,,,
168491,2026-07-08T16:01:50Z,2026-07-08,16,2486,failed,4,4,,odoo/enterprise: ci/runbot,no_culprit,1,ci_failure,,0,0
168498,2026-07-08T16:43:24Z,2026-07-08,16,6754,merged,2,2,,,,,,,,
168509,2026-07-08T18:36:07Z,2026-07-08,18,3649,failed,2,2,,odoo/enterprise: ci/runbot,no_culprit,1,ci_failure,,0,0
168515,2026-07-08T19:37:02Z,2026-07-08,19,124,killed,1,1,odoo/odoo#274245 unreviewed (r-) by jeanschoenlaub,,,,,,,
168516,2026-07-08T19:39:14Z,2026-07-08,19,6361,merged,1,1,,,,,,,,
168522,2026-07-08T21:25:37Z,2026-07-08,21,1363,failed,8,9,,odoo/enterprise: ci/runbot,no_culprit,1,ci_failure,,0,0
168526,2026-07-08T21:48:34Z,2026-07-08,21,6263,merged,4,5,,,,,,,,
168531,2026-07-08T23:33:10Z,2026-07-08,23,7073,merged,4,4,,,,,,,,
168535,2026-07-09T01:32:25Z,2026-07-09,01,7977,merged,16,22,,,,,,,,
168539,2026-07-09T03:45:58Z,2026-07-09,03,5892,merged,16,16,,,,,,,,
168546,2026-07-09T05:24:52Z,2026-07-09,05,5955,merged,16,17,,,,,,,,
168555,2026-07-09T07:04:44Z,2026-07-09,07,6037,merged,16,17,,,,,,,,
168564,2026-07-09T08:46:33Z,2026-07-09,08,6475,merged,16,18,,,,,,,,
168578,2026-07-09T10:35:31Z,2026-07-09,10,6600,merged,16,18,,,,,,,,
168593,2026-07-09T12:26:34Z,2026-07-09,12,4096,failed,16,18,,odoo/enterprise: ci/runbot,attributed_to_flaky,1,ci_failure,odoo/odoo#272871,0,0
168601,2026-07-09T13:35:17Z,2026-07-09,13,3172,failed,8,10,,odoo/enterprise: ci/runbot,attributed_to_flaky,1,ci_failure,odoo/odoo#272871,0,0
168610,2026-07-09T14:28:24Z,2026-07-09,14,3246,failed,4,5,,odoo/enterprise: ci/runbot,attributed_to_flaky,1,ci_failure,odoo/odoo#272871,0,0
168613,2026-07-09T15:22:39Z,2026-07-09,15,3196,failed,2,2,,odoo/enterprise: ci/runbot,attributed_to_flaky,1,ci_failure,odoo/odoo#272871,0,0
168618,2026-07-09T16:16:01Z,2026-07-09,16,6574,merged,1,1,,,,,,,,
168625,2026-07-09T18:06:16Z,2026-07-09,18,3063,failed,1,1,ci/runbot (view more at https://runbot.odoo.com/runbot/batch/2636050/build/117276652),odoo/odoo: ci/runbot,flaky_retry,1,ci_failure,,1,0
168633,2026-07-09T18:58:45Z,2026-07-09,18,6585,merged,16,19,,,,,,,,
168642,2026-07-09T20:49:14Z,2026-07-09,20,5745,merged,16,22,,,,,,,,
168648,2026-07-09T22:25:37Z,2026-07-09,22,7663,merged,16,17,,,,,,,,
168652,2026-07-10T00:33:53Z,2026-07-10,00,6642,merged,16,17,,,,,,,,
168654,2026-07-10T02:25:06Z,2026-07-10,02,5723,merged,16,16,,,,,,,,
168657,2026-07-10T04:01:00Z,2026-07-10,04,6746,merged,16,16,,,,,,,,
168664,2026-07-10T05:54:12Z,2026-07-10,05,3525,failed,16,16,,odoo/enterprise: ci/runbot,attributed_real,0,ci_failure,odoo/enterprise#123593,0,0
168679,2026-07-10T06:53:18Z,2026-07-10,06,3939,killed,8,8,odoo/enterprise#123593 unreviewed (r-) by xmo-odoo,,,,,,,
168688,2026-07-10T08:00:06Z,2026-07-10,08,6191,merged,16,16,,,,,,,,
168704,2026-07-10T09:44:30Z,2026-07-10,09,6259,merged,16,17,,,,,,,,
168716,2026-07-10T11:29:59Z,2026-07-10,11,6342,merged,16,18,,,,,,,,
168725,2026-07-10T13:17:15Z,2026-07-10,13,5825,merged,16,18,,,,,,,,
168736,2026-07-10T14:55:44Z,2026-07-10,14,7263,merged,16,17,,,,,,,,
168745,2026-07-10T16:57:55Z,2026-07-10,16,5479,failed,16,18,,odoo/enterprise: ci/runbot,attributed_real,0,ci_failure,odoo/enterprise#119882|odoo/odoo#269104,0,0
168751,2026-07-10T18:29:42Z,2026-07-10,18,5797,failed,8,10,,odoo/enterprise: ci/runbot,attributed_real,0,ci_failure,odoo/enterprise#119882|odoo/odoo#269104,0,0
168759,2026-07-10T20:06:34Z,2026-07-10,20,6220,merged,4,5,,,,,,,,
168766,2026-07-10T21:50:30Z,2026-07-10,21,4750,failed,4,5,,odoo/odoo: ci/runbot,attributed_real,0,ci_failure,odoo/enterprise#119882|odoo/odoo#269104,0,0
168770,2026-07-10T23:09:51Z,2026-07-10,23,4366,failed,2,3,,odoo/enterprise: ci/runbot,attributed_real,0,ci_failure,odoo/enterprise#119882|odoo/odoo#269104,0,0
168773,2026-07-11T00:22:44Z,2026-07-11,00,6651,merged,1,1,,,,,,,,
168778,2026-07-11T02:13:45Z,2026-07-11,02,4558,failed,1,2,ci/runbot (view more at https://runbot.odoo.com/runbot/batch/2638802/build/117453655),odoo/odoo: ci/runbot,fixed,0,ci_failure,,1,0
168780,2026-07-11T03:30:35Z,2026-07-11,03,5349,merged,16,17,,,,,,,,
168781,2026-07-11T05:00:17Z,2026-07-11,05,2361,failed,16,16,,odoo/enterprise: ci/runbot,no_culprit,1,ci_failure,,0,0
168782,2026-07-11T05:39:59Z,2026-07-11,05,2133,failed,8,8,,odoo/enterprise: ci/runbot,no_culprit,1,ci_failure,,0,0
168784,2026-07-11T06:15:44Z,2026-07-11,06,4870,merged,4,4,,,,,,,,
168787,2026-07-11T07:37:05Z,2026-07-11,07,5370,merged,4,4,,,,,,,,
168795,2026-07-11T09:06:52Z,2026-07-11,09,4767,merged,8,8,,,,,,,,
168800,2026-07-11T10:26:52Z,2026-07-11,10,5336,killed,16,17,Fast Forward Failed,,,,,,,
168805,2026-07-11T11:57:25Z,2026-07-11,11,4909,merged,16,17,,,,,,,,
168807,2026-07-11T13:19:46Z,2026-07-11,13,4613,merged,16,17,,,,,,,,
168808,2026-07-11T14:37:14Z,2026-07-11,14,5320,merged,16,17,,,,,,,,
168813,2026-07-11T16:06:04Z,2026-07-11,16,6769,failed,3,3,,odoo/enterprise: ci/l10n,no_culprit,1,ci_failure,,0,0
168819,2026-07-11T17:59:01Z,2026-07-11,17,7546,merged,2,2,,,,,,,,
168826,2026-07-11T20:04:54Z,2026-07-11,20,5607,merged,1,1,,,,,,,,
168827,2026-07-11T21:38:29Z,2026-07-11,21,5523,merged,2,2,,,,,,,,
168830,2026-07-11T23:10:51Z,2026-07-11,23,7097,merged,1,1,,,,,,,,
168833,2026-07-12T03:27:08Z,2026-07-12,03,5540,merged,1,1,,,,,,,,
168843,2026-07-12T09:29:25Z,2026-07-12,09,4894,merged,1,2,,,,,,,,
168848,2026-07-12T10:51:05Z,2026-07-12,10,4507,failed,1,1,ci/runbot (view more at https://runbot.odoo.com/runbot/batch/2639315/build/117542710),odoo/enterprise: ci/runbot,fixed,0,ci_failure,,1,0
168854,2026-07-12T20:47:54Z,2026-07-12,20,5529,merged,1,1,,,,,,,,
168864,2026-07-13T04:36:09Z,2026-07-13,04,3626,failed,1,1,ci/runbot (view more at https://runbot.odoo.com/runbot/batch/2639484/build/117625694),odoo/enterprise: ci/runbot,fixed,0,ci_failure,,1,2
168874,2026-07-13T05:36:58Z,2026-07-13,05,3526,failed,1,1,ci/runbot on b76eaae838acc4dd42c5c3dc3a6770bca9b4e523 (view more at https://runbot.odoo.com/runbot/batch/2639553/build/117627513),odoo/enterprise: ci/runbot,flaky_retry,1,ci_failure,,1,2
168894,2026-07-13T06:35:50Z,2026-07-13,06,1873,failed,1,1,ci/runbot (view more at https://runbot.odoo.com/runbot/batch/2639687/build/117630107),odoo/enterprise: ci/runbot,fixed,0,ci_failure,,1,3
168897,2026-07-13T07:07:17Z,2026-07-13,07,3860,failed,4,5,,odoo/enterprise: ci/runbot,attributed_real,0,ci_failure,odoo/odoo#275382,0,1
168915,2026-07-13T08:11:45Z,2026-07-13,08,1989,killed,2,2,Cancelled by Xavier Morel (xmo) because disabled nondet mail test,,,,,,,
168918,2026-07-13T08:46:05Z,2026-07-13,08,5654,failed,16,20,,odoo/odoo: ci/runbot,attributed_real,0,ci_failure,odoo/odoo#275382,0,0
168931,2026-07-13T10:20:45Z,2026-07-13,10,5153,failed,8,11,,odoo/odoo: ci/runbot,attributed_real,0,ci_failure,odoo/odoo#275382,0,0
168939,2026-07-13T11:46:53Z,2026-07-13,11,4659,failed,4,5,,odoo/enterprise: ci/runbot,no_culprit,1,ci_failure,,0,0
168953,2026-07-13T13:04:44Z,2026-07-13,13,6675,merged,2,3,,,,,,,,
168967,2026-07-13T14:56:08Z,2026-07-13,14,6430,merged,2,2,,,,,,,,
168981,2026-07-13T16:43:35Z,2026-07-13,16,4082,failed,4,6,,odoo/enterprise: ci/runbot,attributed_real,0,ci_failure,odoo/odoo#275382,0,0
168990,2026-07-13T17:53:08Z,2026-07-13,17,6800,merged,2,3,,,,,,,,
168998,2026-07-13T19:46:39Z,2026-07-13,19,5418,failed,2,3,,odoo/enterprise: ci/runbot,attributed_real,0,ci_failure,odoo/odoo#275382,0,0
169006,2026-07-13T21:17:03Z,2026-07-13,21,5166,failed,1,1,ci/runbot on bcfb57407d1a9561a708998673646b9120b1e56a (view more at https://runbot.odoo.com/runbot/batch/2642057/build/117759180),odoo/enterprise: ci/runbot,fixed,0,ci_failure,,1,0
169011,2026-07-13T22:44:23Z,2026-07-13,22,8786,merged,16,16,,,,,,,,
169021,2026-07-14T01:11:34Z,2026-07-14,01,5166,failed,16,20,,odoo/enterprise: ci/runbot,no_culprit,1,ci_failure,,0,0
169026,2026-07-14T02:38:03Z,2026-07-14,02,4838,failed,8,9,,odoo/enterprise: ci/runbot,no_culprit,1,ci_failure,,0,0
169029,2026-07-14T03:58:53Z,2026-07-14,03,5706,merged,4,4,,,,,,,,
169036,2026-07-14T05:34:13Z,2026-07-14,05,99,killed,4,5,Cancelled by Xavier Morel (xmo) because disabled breaking test,,,,,,,
169037,2026-07-14T05:36:54Z,2026-07-14,05,290,killed,16,21,odoo/upgrade#10737 closed by bsra-odoo,,,,,,,
169039,2026-07-14T05:42:33Z,2026-07-14,05,6356,merged,16,21,,,,,,,,
169048,2026-07-14T07:30:10Z,2026-07-14,07,5184,failed,16,24,,odoo/enterprise: ci/l10n,no_culprit,1,ci_failure,,0,0
169068,2026-07-14T08:56:59Z,2026-07-14,08,842,killed,8,10,on odoo/enterprise#122603 by xmo-odoo,,,,,,,
169069,2026-07-14T09:12:33Z,2026-07-14,09,7054,merged,16,25,,,,,,,,
169094,2026-07-14T11:11:29Z,2026-07-14,11,6726,merged,16,22,,,,,,,,
169109,2026-07-14T13:04:58Z,2026-07-14,13,7034,merged,16,23,,,,,,,,
169130,2026-07-14T15:03:32Z,2026-07-14,15,6313,merged,16,18,,,,,,,,
169141,2026-07-14T16:50:08Z,2026-07-14,16,5356,failed,16,20,,odoo/enterprise: ci/runbot,no_culprit,1,ci_failure,,0,0
169153,2026-07-14T18:19:50Z,2026-07-14,18,5541,failed,8,11,,odoo/enterprise: ci/runbot,no_culprit,1,ci_failure,,0,0
169157,2026-07-14T19:52:29Z,2026-07-14,19,6613,merged,4,7,,,,,,,,
169166,2026-07-14T21:42:53Z,2026-07-14,21,7603,merged,4,4,,,,,,,,
169177,2026-07-14T23:49:54Z,2026-07-14,23,7132,merged,8,9,,,,,,,,
169184,2026-07-15T01:50:08Z,2026-07-15,01,6946,merged,16,19,,,,,,,,
169191,2026-07-15T03:46:31Z,2026-07-15,03,6108,failed,16,17,,odoo/enterprise: ci/runbot,unresolved,0,ci_failure,,0,0
169202,2026-07-15T05:28:40Z,2026-07-15,05,6011,failed,8,9,,odoo/enterprise: ci/runbot,unresolved,0,ci_failure,,0,0
169209,2026-07-15T07:09:06Z,2026-07-15,07,873,killed,4,5,odoo/enterprise#123987 had CI failure after staging,,,,,,,
169212,2026-07-15T07:23:52Z,2026-07-15,07,6499,merged,4,4,,,,,,,,
169226,2026-07-15T09:12:30Z,2026-07-15,09,69,killed,8,8,Cancelled by Xavier Morel (xmo),,,,,,,
169227,2026-07-15T09:14:54Z,2026-07-15,09,6146,merged,16,18,,,,,,,,
169237,2026-07-15T10:58:19Z,2026-07-15,10,6592,merged,16,19,,,,,,,,
169251,2026-07-15T12:49:31Z,2026-07-15,12,2457,failed,16,20,,odoo/enterprise: ci/runbot,attributed_real,0,ci_failure,odoo/enterprise#112634|odoo/odoo#256889|odoo/upgrade#10068,0,0
169255,2026-07-15T13:30:55Z,2026-07-15,13,972,killed,8,12,odoo/odoo#256889 updated by davidmonnom,,,,,,,
169256,2026-07-15T13:47:29Z,2026-07-15,13,66,killed,8,8,Cancelled by Xavier Morel (xmo),,,,,,,
169258,2026-07-15T13:50:42Z,2026-07-15,13,11311,merged,16,20,,,,,,,,
169273,2026-07-15T17:00:27Z,2026-07-15,17,5612,merged,16,18,,,,,,,,
169281,2026-07-15T18:35:22Z,2026-07-15,18,1797,failed,16,20,,odoo/odoo: ci/runbot,attributed_real,0,ci_failure,odoo/enterprise#112634|odoo/odoo#256889|odoo/upgrade#10068,0,0
169283,2026-07-15T19:05:43Z,2026-07-15,19,3168,failed,8,10,,odoo/enterprise: ci/runbot,attributed_real,0,ci_failure,odoo/enterprise#112634|odoo/odoo#256889|odoo/upgrade#10068,0,0
169288,2026-07-15T19:58:49Z,2026-07-15,19,198,killed,4,6,odoo/odoo#268967 updated by davidmonnom,,,,,,,
169289,2026-07-15T20:02:19Z,2026-07-15,20,6820,merged,4,4,,,,,,,,
169297,2026-07-15T21:56:22Z,2026-07-15,21,6900,merged,8,10,,,,,,,,
169307,2026-07-15T23:52:00Z,2026-07-15,23,1247,failed,16,18,,odoo/enterprise: ci/runbot,attributed_real,0,ci_failure,odoo/enterprise#112634|odoo/odoo#256889|odoo/upgrade#10068,0,0
169309,2026-07-16T00:13:09Z,2026-07-16,00,1826,failed,8,10,,odoo/enterprise: ci/runbot,attributed_real,0,ci_failure,odoo/enterprise#112634|odoo/odoo#256889|odoo/upgrade#10068,0,0
169310,2026-07-16T00:43:50Z,2026-07-16,00,1553,failed,4,6,,odoo/enterprise: ci/runbot,attributed_real,0,ci_failure,odoo/enterprise#112634|odoo/odoo#256889|odoo/upgrade#10068,0,0
169311,2026-07-16T01:09:54Z,2026-07-16,01,1156,failed,2,4,,odoo/enterprise: ci/runbot,attributed_real,0,ci_failure,odoo/enterprise#112634|odoo/odoo#256889|odoo/upgrade#10068,0,0
169313,2026-07-16T01:29:20Z,2026-07-16,01,1149,failed,1,3,ci/runbot (view more at https://runbot.odoo.com/runbot/batch/2647404/build/118055796),odoo/enterprise: ci/runbot,fixed,0,ci_failure,,1,3
169315,2026-07-16T01:56:41Z,2026-07-16,01,1553,failed,16,16,,odoo/enterprise: ci/runbot,no_culprit,1,ci_failure,,0,1
169318,2026-07-16T02:22:52Z,2026-07-16,02,1960,failed,8,8,,odoo/enterprise: ci/runbot,no_culprit,1,ci_failure,,0,1
169319,2026-07-16T02:55:44Z,2026-07-16,02,1395,failed,4,4,,odoo/enterprise: ci/runbot,no_culprit,1,ci_failure,,0,1
169321,2026-07-16T03:19:07Z,2026-07-16,03,6947,merged,2,2,,,,,,,,
169331,2026-07-16T05:15:02Z,2026-07-16,05,4050,failed,2,2,,odoo/enterprise: ci/runbot,no_culprit,1,ci_failure,,0,0
169335,2026-07-16T06:22:38Z,2026-07-16,06,1008,killed,1,1,Cancelled by Xavier Morel (xmo),,,,,,,
169338,2026-07-16T06:40:20Z,2026-07-16,06,6453,merged,16,16,,,,,,,,
169359,2026-07-16T08:29:09Z,2026-07-16,08,6138,merged,16,18,,,,,,,,
169383,2026-07-16T10:12:38Z,2026-07-16,10,931,killed,16,18,Unstaged by d-fence on odoo/odoo#274706,,,,,,,
169385,2026-07-16T10:29:34Z,2026-07-16,10,2505,failed,1,2,ci/runbot (view more at https://runbot.odoo.com/runbot/batch/2648561/build/118087024),odoo/odoo: ci/runbot,fixed,0,ci_failure,odoo/enterprise#123261|odoo/odoo#274706,1,0
169393,2026-07-16T11:14:26Z,2026-07-16,11,1677,failed,16,18,,odoo/enterprise: ci/runbot,no_culprit,1,ci_failure,,0,0
169395,2026-07-16T11:42:44Z,2026-07-16,11,2582,failed,8,9,,odoo/enterprise: ci/runbot,no_culprit,1,ci_failure,,0,0
169398,2026-07-16T12:26:01Z,2026-07-16,12,5607,killed,4,5,odoo/odoo#274241 unreviewed (r-) by jeanschoenlaub,,,,,,,
169404,2026-07-16T13:59:41Z,2026-07-16,13,8786,merged,4,4,,,,,,,,
169418,2026-07-16T16:26:27Z,2026-07-16,16,2234,failed,8,9,,odoo/odoo: ci/runbot,no_culprit,1,ci_failure,,0,0
169424,2026-07-16T17:03:55Z,2026-07-16,17,5628,killed,4,5,"unstaged by odoo/odoo#274706, odoo/enterprise#123261 becoming ready",,,,,,,
169431,2026-07-16T18:39:18Z,2026-07-16,18,1355,failed,1,2,ci/runbot (view more at https://runbot.odoo.com/runbot/batch/2649798/build/118118420),odoo/enterprise: ci/runbot,fixed,0,ci_failure,odoo/enterprise#123261|odoo/odoo#274706,1,1
169437,2026-07-16T19:03:37Z,2026-07-16,19,2332,failed,16,22,,odoo/enterprise: ci/runbot,attributed_to_flaky,1,ci_failure,odoo/enterprise#121924|odoo/odoo#272451|odoo/upgrade#10701,0,1
169439,2026-07-16T19:42:52Z,2026-07-16,19,7112,merged,8,10,,,,,,,,
169446,2026-07-16T21:41:48Z,2026-07-16,21,9423,failed,8,12,timed out,,attributed_to_flaky,1,timeout,odoo/enterprise#121924|odoo/odoo#272451|odoo/upgrade#10701,0,0
169456,2026-07-17T00:19:08Z,2026-07-17,00,4165,failed,4,6,,odoo/enterprise: ci/runbot,attributed_to_flaky,1,ci_failure,odoo/enterprise#121924|odoo/odoo#272451|odoo/upgrade#10701,0,0
169464,2026-07-17T01:28:42Z,2026-07-17,01,5715,merged,2,2,,,,,,,,
169470,2026-07-17T03:04:08Z,2026-07-17,03,4419,failed,2,4,,odoo/enterprise: ci/runbot,attributed_to_flaky,1,ci_failure,odoo/enterprise#121924|odoo/odoo#272451|odoo/upgrade#10701,0,0
169475,2026-07-17T04:17:54Z,2026-07-17,04,4168,merged,1,1,,,,,,,,
169485,2026-07-17T05:27:33Z,2026-07-17,05,1677,failed,1,3,ci/runbot (view more at https://runbot.odoo.com/runbot/batch/2650245/build/118209357),odoo/enterprise: ci/runbot,flaky_retry,1,ci_failure,,1,1
169486,2026-07-17T05:56:12Z,2026-07-17,05,4087,failed,16,21,,odoo/enterprise: ci/runbot,no_culprit,1,ci_failure,,0,1
169492,2026-07-17T07:04:46Z,2026-07-17,07,6065,merged,8,12,,,,,,,,
169501,2026-07-17T08:46:11Z,2026-07-17,08,6124,merged,8,9,,,,,,,,
169514,2026-07-17T10:29:36Z,2026-07-17,10,6395,merged,16,19,,,,,,,,
169524,2026-07-17T12:17:30Z,2026-07-17,12,5427,failed,16,19,,odoo/enterprise: ci/runbot,no_culprit,1,ci_failure,,0,0
169535,2026-07-17T13:49:20Z,2026-07-17,13,6213,merged,8,11,,,,,,,,
169546,2026-07-17T15:33:11Z,2026-07-17,15,2044,failed,8,8,,odoo/enterprise: ci/runbot,no_culprit,1,ci_failure,,0,0
169551,2026-07-17T16:07:28Z,2026-07-17,16,4942,failed,4,4,,odoo/enterprise: ci/runbot,no_culprit,1,ci_failure,,0,0
169561,2026-07-17T17:29:59Z,2026-07-17,17,4808,merged,2,2,,,,,,,,
169567,2026-07-17T18:50:16Z,2026-07-17,18,6916,merged,2,2,,,,,,,,
169579,2026-07-17T20:45:43Z,2026-07-17,20,5759,merged,4,4,,,,,,,,
169585,2026-07-17T22:22:45Z,2026-07-17,22,7219,merged,16,19,,,,,,,,
169590,2026-07-18T00:23:37Z,2026-07-18,00,4474,failed,16,17,,odoo/enterprise: ci/runbot,no_culprit,1,ci_failure,,0,0
169594,2026-07-18T01:38:31Z,2026-07-18,01,6278,merged,8,8,,,,,,,,
169598,2026-07-18T03:23:27Z,2026-07-18,03,6286,merged,8,9,,,,,,,,
169600,2026-07-18T05:08:45Z,2026-07-18,05,4896,merged,16,17,,,,,,,,
169603,2026-07-18T06:30:55Z,2026-07-18,06,5134,merged,16,17,,,,,,,,
169612,2026-07-18T07:57:04Z,2026-07-18,07,4233,failed,16,18,,odoo/enterprise: ci/runbot,no_culprit,1,ci_failure,,0,0
169620,2026-07-18T09:07:59Z,2026-07-18,09,4723,merged,8,9,,,,,,,,
169623,2026-07-18T10:27:01Z,2026-07-18,10,5239,killed,8,9,Fast Forward Failed,,,,,,,
169630,2026-07-18T11:56:15Z,2026-07-18,11,1537,failed,16,18,,odoo/enterprise: ci/runbot,no_culprit,1,ci_failure,,0,0
169633,2026-07-18T12:22:46Z,2026-07-18,12,4945,merged,8,9,,,,,,,,
169636,2026-07-18T13:45:29Z,2026-07-18,13,5295,merged,8,9,,,,,,,,
169639,2026-07-18T15:14:57Z,2026-07-18,15,4927,merged,16,20,,,,,,,,
169641,2026-07-18T16:37:33Z,2026-07-18,16,1401,failed,16,16,,odoo/enterprise: ci/runbot,no_culprit,1,ci_failure,,0,0
169642,2026-07-18T17:01:13Z,2026-07-18,17,5747,merged,8,8,,,,,,,,
169644,2026-07-18T18:37:19Z,2026-07-18,18,2494,killed,8,8,"unstaged by odoo/odoo#274706, odoo/enterprise#123261 becoming ready",,,,,,,
169647,2026-07-18T19:19:12Z,2026-07-18,19,1410,failed,1,2,ci/runbot (view more at https://runbot.odoo.com/runbot/batch/2652945/build/118425857),odoo/enterprise: ci/runbot,fixed,0,ci_failure,,1,1
169651,2026-07-18T19:43:24Z,2026-07-18,19,3437,failed,16,16,,odoo/enterprise: ci/runbot,no_culprit,1,ci_failure,,0,1
169652,2026-07-18T20:41:00Z,2026-07-18,20,5722,merged,8,8,,,,,,,,
169654,2026-07-18T22:17:29Z,2026-07-18,22,6552,merged,8,8,,,,,,,,
169658,2026-07-19T00:07:12Z,2026-07-19,00,1408,failed,16,17,,odoo/enterprise: ci/runbot,attributed_real,0,ci_failure,odoo/odoo#277054,0,0
169660,2026-07-19T00:31:00Z,2026-07-19,00,1690,failed,8,8,,odoo/enterprise: ci/runbot,attributed_real,0,ci_failure,odoo/odoo#277054,0,0
169661,2026-07-19T00:59:21Z,2026-07-19,00,1974,failed,4,4,,odoo/enterprise: ci/runbot,attributed_real,0,ci_failure,odoo/odoo#277054,0,0
169662,2026-07-19T01:33:27Z,2026-07-19,01,1264,failed,2,2,,odoo/odoo: ci/runbot,attributed_real,0,ci_failure,odoo/odoo#277054,0,0
169663,2026-07-19T01:54:37Z,2026-07-19,01,1343,failed,1,1,ci/runbot on 645b5db0a010ed89c6fa26cb0106cb34ce15b246 (view more at https://runbot.odoo.com/runbot/batch/2653069/build/118433653),odoo/enterprise: ci/runbot,fixed,0,ci_failure,,1,4
169664,2026-07-19T02:17:36Z,2026-07-19,02,1445,failed,16,17,,odoo/enterprise: ci/runbot,no_culprit,1,ci_failure,,0,1
169665,2026-07-19T02:41:59Z,2026-07-19,02,1532,failed,8,8,,odoo/enterprise: ci/runbot,no_culprit,1,ci_failure,,0,1
169666,2026-07-19T03:07:44Z,2026-07-19,03,1203,failed,4,4,,odoo/enterprise: ci/runbot,no_culprit,1,ci_failure,,0,1
169667,2026-07-19T03:28:00Z,2026-07-19,03,1112,failed,2,2,,odoo/enterprise: ci/runbot,no_culprit,1,ci_failure,,0,1
169668,2026-07-19T03:47:23Z,2026-07-19,03,5184,merged,1,1,,,,,,,,
169669,2026-07-19T05:14:05Z,2026-07-19,05,4767,merged,1,1,,,,,,,,
169673,2026-07-19T06:33:41Z,2026-07-19,06,4993,merged,2,2,,,,,,,,
169675,2026-07-19T07:57:05Z,2026-07-19,07,4934,merged,4,4,,,,,,,,
169676,2026-07-19T09:19:38Z,2026-07-19,09,906,killed,8,9,"unstaged by odoo/odoo#274706, odoo/enterprise#123261 becoming ready",,,,,,,
169677,2026-07-19T09:34:55Z,2026-07-19,09,689,killed,1,2,odoo/odoo#274706 updated by ged-odoo,,,,,,,
169678,2026-07-19T09:46:38Z,2026-07-19,09,422,killed,1,2,odoo/odoo#274706 unreviewed (r-) by ged-odoo,,,,,,,
169679,2026-07-19T09:54:14Z,2026-07-19,09,5109,merged,16,17,,,,,,,,
169688,2026-07-19T11:20:11Z,2026-07-19,11,4351,failed,16,17,,odoo/enterprise: ci/runbot,no_culprit,1,ci_failure,,0,0
169691,2026-07-19T12:33:01Z,2026-07-19,12,1433,failed,8,8,,odoo/enterprise: ci/runbot,no_culprit,1,ci_failure,,0,0
169692,2026-07-19T12:57:06Z,2026-07-19,12,4917,merged,4,4,,,,,,,,
169693,2026-07-19T14:19:14Z,2026-07-19,14,4469,merged,4,4,,,,,,,,
169694,2026-07-19T15:34:02Z,2026-07-19,15,4828,merged,8,9,,,,,,,,
169695,2026-07-19T16:55:07Z,2026-07-19,16,4057,failed,8,8,,odoo/enterprise: ci/runbot,attributed_real,0,ci_failure,odoo/odoo#276238,0,0
169698,2026-07-19T18:02:56Z,2026-07-19,18,4707,failed,4,4,,odoo/enterprise: ci/runbot,attributed_real,0,ci_failure,odoo/odoo#276238,0,0
169699,2026-07-19T19:21:33Z,2026-07-19,19,4482,failed,2,2,,odoo/enterprise: ci/runbot,attributed_real,0,ci_failure,odoo/odoo#276238,0,0
169700,2026-07-19T20:36:22Z,2026-07-19,20,4263,killed,1,1,"unstaged by odoo/odoo#274706, odoo/enterprise#123261 becoming ready",,,,,,,
169701,2026-07-19T21:47:45Z,2026-07-19,21,315,merged,1,2,,,,,,,,
169702,2026-07-19T21:53:17Z,2026-07-19,21,4887,failed,8,8,,odoo/enterprise: ci/runbot,attributed_real,0,ci_failure,odoo/odoo#276238,0,0
169703,2026-07-19T23:14:57Z,2026-07-19,23,4082,failed,4,4,,odoo/enterprise: ci/l10n,attributed_real,0,ci_failure,odoo/odoo#276238,0,0
169704,2026-07-20T03:04:46Z,2026-07-20,03,1190,failed,2,2,,odoo/enterprise: ci/runbot,attributed_real,0,ci_failure,odoo/odoo#276238,0,0
169706,2026-07-20T03:24:43Z,2026-07-20,03,1119,failed,1,1,ci/runbot on 1cecf9d17d79da5d8b5948488c8ab50fe01e47e7 (view more at https://runbot.odoo.com/runbot/batch/2653278/build/118519703),odoo/enterprise: ci/runbot,fixed,0,ci_failure,,1,0
169707,2026-07-20T03:44:09Z,2026-07-20,03,4943,merged,10,10,,,,,,,,
169712,2026-07-20T05:06:41Z,2026-07-20,05,4781,merged,2,2,,,,,,,,
169724,2026-07-20T06:26:55Z,2026-07-20,06,4710,merged,4,4,,,,,,,,
169746,2026-07-20T07:46:13Z,2026-07-20,07,4901,merged,5,5,,,,,,,,
169757,2026-07-20T09:08:49Z,2026-07-20,09,2242,failed,7,9,,odoo/enterprise: ci/runbot,attributed_to_flaky,1,ci_failure,odoo/enterprise#107467|odoo/odoo#247924,0,0
169766,2026-07-20T09:46:26Z,2026-07-20,09,2145,failed,4,5,,odoo/enterprise: ci/runbot,attributed_to_flaky,1,ci_failure,odoo/enterprise#107467|odoo/odoo#247924,0,0
169769,2026-07-20T10:22:22Z,2026-07-20,10,1527,failed,2,3,,odoo/enterprise: ci/runbot,attributed_to_flaky,1,ci_failure,odoo/enterprise#107467|odoo/odoo#247924,0,0
169773,2026-07-20T10:47:57Z,2026-07-20,10,2232,failed,1,2,ci/runbot (view more at https://runbot.odoo.com/runbot/batch/2654077/build/118539035),odoo/enterprise: ci/runbot,flaky_retry,1,ci_failure,,1,1
169789,2026-07-20T11:30:13Z,2026-07-20,11,2062,failed,15,17,,odoo/enterprise: ci/runbot,no_culprit,1,ci_failure,,0,1
169792,2026-07-20T12:05:01Z,2026-07-20,12,873,killed,8,10,Cancelled by Xavier Morel (xmo),,,,,,,
169796,2026-07-20T12:20:41Z,2026-07-20,12,5562,merged,16,19,,,,,,,,
169810,2026-07-20T13:54:18Z,2026-07-20,13,4719,merged,13,13,,,,,,,,
169823,2026-07-20T15:13:30Z,2026-07-20,15,5097,merged,11,11,,,,,,,,
169834,2026-07-20T16:39:20Z,2026-07-20,16,2813,failed,3,3,,odoo/enterprise: ci/runbot,no_culprit,1,ci_failure,,0,0
169836,2026-07-20T17:26:23Z,2026-07-20,17,6732,merged,2,2,,,,,,,,
169840,2026-07-20T19:18:42Z,2026-07-20,19,7262,merged,1,1,,,,,,,,
169848,2026-07-20T21:20:17Z,2026-07-20,21,6359,merged,9,10,,,,,,,,
169864,2026-07-20T23:06:24Z,2026-07-20,23,2315,merged,2,2,,,,,,,,
169867,2026-07-21T02:24:57Z,2026-07-21,02,1357,failed,1,1,ci/runbot (view more at https://runbot.odoo.com/runbot/batch/2655224/build/118623322),odoo/enterprise: ci/runbot,fixed,0,ci_failure,,1,0
169868,2026-07-21T04:21:17Z,2026-07-21,04,5283,merged,1,1,,,,,,,,
169880,2026-07-21T05:49:54Z,2026-07-21,05,5269,merged,8,9,,,,,,,,
169888,2026-07-21T07:18:20Z,2026-07-21,07,1379,failed,1,1,ci/runbot on 949ec0ab9b3a198c9ad995d5ce876590b36191b3 (view more at https://runbot.odoo.com/runbot/batch/2655419/build/118648570),odoo/enterprise: ci/runbot,fixed,0,ci_failure,,1,0
169894,2026-07-21T08:22:58Z,2026-07-21,08,4930,merged,1,1,,,,,,,,
169896,2026-07-21T09:45:23Z,2026-07-21,09,5228,merged,1,1,,,,,,,,
169906,2026-07-21T13:23:30Z,2026-07-21,13,5397,merged,1,1,,,,,,,,
169911,2026-07-21T14:53:34Z,2026-07-21,14,4559,merged,1,1,,,,,,,,
169919,2026-07-21T16:09:44Z,2026-07-21,16,4736,merged,1,1,,,,,,,,
169927,2026-07-21T17:29:05Z,2026-07-21,17,6512,merged,5,5,,,,,,,,
169936,2026-07-21T19:17:44Z,2026-07-21,19,6879,merged,1,1,,,,,,,,
169942,2026-07-21T21:23:40Z,2026-07-21,21,5816,merged,1,2,,,,,,,,
169947,2026-07-21T23:01:18Z,2026-07-21,23,3672,failed,1,1,ci/runbot on e4dd984b6060b82313abb1fdad5600bde99ecf30 (view more at https://runbot.odoo.com/runbot/batch/2656142/build/118722908),odoo/enterprise: ci/runbot,fixed,0,ci_failure,,1,1
169949,2026-07-22T00:02:42Z,2026-07-22,00,1485,failed,1,1,ci/runbot (view more at https://runbot.odoo.com/runbot/batch/2656168/build/118724360),odoo/enterprise: ci/runbot,fixed,0,ci_failure,,1,1
169954,2026-07-22T01:10:01Z,2026-07-22,01,324,merged,1,1,,,,,,,,
169955,2026-07-22T01:20:55Z,2026-07-22,01,1780,merged,1,1,,,,,,,,
169958,2026-07-22T04:50:27Z,2026-07-22,04,2621,failed,1,1,ci/runbot (view more at https://runbot.odoo.com/runbot/batch/2656240/build/118746151),odoo/enterprise: ci/runbot,flaky_retry,1,ci_failure,,1,0
169964,2026-07-22T05:47:24Z,2026-07-22,05,4580,merged,1,1,,,,,,,,
169976,2026-07-22T07:04:21Z,2026-07-22,07,4051,failed,5,5,,odoo/enterprise: ci/runbot,no_culprit,1,ci_failure,,0,0
169983,2026-07-22T08:12:02Z,2026-07-22,08,3270,failed,3,3,,odoo/odoo: ci/runbot,no_culprit,1,ci_failure,,0,0
169992,2026-07-22T09:06:40Z,2026-07-22,09,6530,merged,2,2,,,,,,,,
170004,2026-07-22T10:55:37Z,2026-07-22,10,6037,merged,1,1,,,,,,,,
170021,2026-07-22T12:36:23Z,2026-07-22,12,6414,merged,2,2,,,,,,,,
170039,2026-07-22T14:24:44Z,2026-07-22,14,5962,merged,16,18,,,,,,,,
170050,2026-07-22T16:05:19Z,2026-07-22,16,3723,failed,16,17,,odoo/enterprise: ci/runbot,no_culprit,1,ci_failure,,0,0
170061,2026-07-22T17:07:46Z,2026-07-22,17,6338,merged,8,9,,,,,,,,
170070,2026-07-22T18:53:42Z,2026-07-22,18,6664,merged,8,8,,,,,,,,
170081,2026-07-22T20:46:02Z,2026-07-22,20,3391,failed,16,20,,odoo/enterprise: ci/l10n,attributed_to_flaky,1,ci_failure,odoo/odoo#277545,0,0
170089,2026-07-22T21:43:00Z,2026-07-22,21,6146,merged,8,12,,,,,,,,
170100,2026-07-22T23:25:43Z,2026-07-22,23,2532,failed,8,8,,odoo/enterprise: ci/runbot,attributed_to_flaky,1,ci_failure,odoo/odoo#277545,0,0
170105,2026-07-23T00:08:08Z,2026-07-23,00,1738,failed,4,4,,odoo/enterprise: ci/runbot,attributed_to_flaky,1,ci_failure,odoo/odoo#277545,0,0
170106,2026-07-23T00:37:14Z,2026-07-23,00,2291,failed,2,2,,odoo/odoo: ci/runbot,attributed_to_flaky,1,ci_failure,odoo/odoo#277545,0,0
170110,2026-07-23T01:15:32Z,2026-07-23,01,1624,failed,1,1,ci/runbot on e8db807c27dda49ebe638098442a9e70e965218e (view more at https://runbot.odoo.com/runbot/batch/2658758/build/118882322),odoo/enterprise: ci/runbot,flaky_retry,1,ci_failure,,0,4
170111,2026-07-23T01:43:45Z,2026-07-23,01,1526,failed,16,19,,odoo/enterprise: ci/runbot,no_culprit,1,ci_failure,,0,1
170113,2026-07-23T02:09:34Z,2026-07-23,02,2266,failed,8,10,,odoo/enterprise: ci/runbot,no_culprit,1,ci_failure,,0,1
170116,2026-07-23T02:47:35Z,2026-07-23,02,1545,failed,4,6,,odoo/enterprise: ci/runbot,no_culprit,1,ci_failure,,0,1
170119,2026-07-23T03:13:31Z,2026-07-23,03,1452,failed,2,4,,odoo/enterprise: ci/runbot,no_culprit,1,ci_failure,,0,1
170120,2026-07-23T03:37:49Z,2026-07-23,03,5814,merged,1,1,,,,,,,,
170125,2026-07-23T05:14:53Z,2026-07-23,05,2217,killed,1,3,Cancelled by Xavier Morel (xmo),,,,,,,
170133,2026-07-23T05:52:48Z,2026-07-23,05,3044,failed,16,19,,odoo/enterprise: ci/runbot,no_culprit,1,ci_failure,,0,0
170146,2026-07-23T06:43:56Z,2026-07-23,06,5045,merged,8,10,,,,,,,,
170169,2026-07-23T08:08:21Z,2026-07-23,08,2788,failed,8,9,,odoo/enterprise: ci/runbot,no_culprit,1,ci_failure,,0,0
170175,2026-07-23T08:55:04Z,2026-07-23,08,6390,merged,4,5,,,,,,,,
170186,2026-07-23T10:41:45Z,2026-07-23,10,6547,merged,4,4,,,,,,,,
170202,2026-07-23T12:32:19Z,2026-07-23,12,6498,merged,16,21,,,,,,,,
170213,2026-07-23T14:21:49Z,2026-07-23,14,6084,merged,16,17,,,,,,,,
170223,2026-07-23T16:04:15Z,2026-07-23,16,1533,failed,16,16,,odoo/enterprise: ci/runbot,no_culprit,1,ci_failure,,0,0
170228,2026-07-23T16:30:09Z,2026-07-23,16,2319,failed,8,8,,odoo/odoo: ci/runbot,no_culprit,1,ci_failure,,0,0
170232,2026-07-23T17:09:00Z,2026-07-23,17,1941,failed,4,4,,odoo/enterprise: ci/l10n,no_culprit,1,ci_failure,,0,0
170241,2026-07-23T17:41:29Z,2026-07-23,17,7107,merged,2,2,,,,,,,,
170248,2026-07-23T19:40:06Z,2026-07-23,19,5747,merged,2,2,,,,,,,,
170254,2026-07-23T21:16:06Z,2026-07-23,21,5865,merged,4,4,,,,,,,,
170258,2026-07-23T22:54:08Z,2026-07-23,22,5852,merged,8,8,,,,,,,,
170260,2026-07-24T00:32:48Z,2026-07-24,00,3223,failed,16,16,,odoo/enterprise: ci/l10n,attributed_to_flaky,1,ci_failure,odoo/odoo#278094,0,0
170263,2026-07-24T01:26:51Z,2026-07-24,01,3038,failed,8,8,,odoo/enterprise: ci/l10n,attributed_to_flaky,1,ci_failure,odoo/odoo#278094,0,0
170265,2026-07-24T02:17:41Z,2026-07-24,02,2578,failed,4,4,,odoo/enterprise: ci/l10n,attributed_to_flaky,1,ci_failure,odoo/odoo#278094,0,0
170267,2026-07-24T03:00:48Z,2026-07-24,03,3002,failed,2,2,,odoo/enterprise: ci/l10n,attributed_to_flaky,1,ci_failure,odoo/odoo#278094,0,0
170269,2026-07-24T03:50:57Z,2026-07-24,03,4573,failed,1,1,ci/runbot on 9e8d39d3e0d355bd834327db11d81af814173452 (view more at https://runbot.odoo.com/runbot/batch/2661394/build/119025470),odoo/enterprise: ci/runbot,flaky_retry,1,ci_failure,,0,0
170278,2026-07-24T05:08:32Z,2026-07-24,05,5221,merged,16,16,,,,,,,,
170290,2026-07-24T06:36:25Z,2026-07-24,06,1567,failed,16,16,,odoo/enterprise: ci/runbot,no_culprit,1,ci_failure,,0,0
170297,2026-07-24T07:02:53Z,2026-07-24,07,5486,merged,8,8,,,,,,,,
170313,2026-07-24T08:34:37Z,2026-07-24,08,5696,merged,8,8,,,,,,,,
170325,2026-07-24T10:10:43Z,2026-07-24,10,6177,merged,16,17,,,,,,,,
170339,2026-07-24T11:55:13Z,2026-07-24,11,6204,merged,16,19,,,,,,,,
170365,2026-07-24T13:40:02Z,2026-07-24,13,7019,merged,16,19,,,,,,,,
170384,2026-07-24T15:38:47Z,2026-07-24,15,5580,merged,16,17,,,,,,,,
170394,2026-07-24T17:12:46Z,2026-07-24,17,6335,merged,16,17,,,,,,,,
170403,2026-07-24T18:58:43Z,2026-07-24,18,7738,merged,9,10,,,,,,,,
170415,2026-07-24T21:08:02Z,2026-07-24,21,6005,merged,2,3,,,,,,,,
170425,2026-07-24T22:48:49Z,2026-07-24,22,5145,failed,3,7,,odoo/enterprise: ci/l10n,attributed_to_flaky,1,ci_failure,odoo/design-themes#1247|odoo/documentation#17278|odoo/enterprise#112607|odoo/odoo#256840|odoo/upgrade#10081,0,0
170432,2026-07-25T00:14:51Z,2026-07-25,00,3779,failed,2,6,,odoo/enterprise: ci/l10n,attributed_to_flaky,1,ci_failure,odoo/design-themes#1247|odoo/documentation#17278|odoo/enterprise#112607|odoo/odoo#256840|odoo/upgrade#10081,0,0
170437,2026-07-25T01:18:04Z,2026-07-25,01,3858,failed,1,5,ci/runbot (view more at https://runbot.odoo.com/runbot/batch/2663944/build/119162439),odoo/enterprise: ci/runbot,flaky_retry,1,ci_failure,,1,0
170442,2026-07-25T02:22:34Z,2026-07-25,02,3752,failed,3,3,,odoo/enterprise: ci/l10n,no_culprit,1,ci_failure,,0,0
170448,2026-07-25T03:25:14Z,2026-07-25,03,7221,merged,2,2,,,,,,,,
170454,2026-07-25T05:25:48Z,2026-07-25,05,5002,merged,1,1,,,,,,,,
170464,2026-07-25T06:49:17Z,2026-07-25,06,2319,merged,1,1,,,,,,,,
170467,2026-07-25T07:43:56Z,2026-07-25,07,4923,merged,1,5,,,,,,,,
170470,2026-07-25T09:06:20Z,2026-07-25,09,4667,merged,1,1,,,,,,,,
170480,2026-07-25T10:24:17Z,2026-07-25,10,5688,killed,2,2,Fast Forward Failed,,,,,,,
170484,2026-07-25T12:00:35Z,2026-07-25,12,5345,merged,2,2,,,,,,,,
170489,2026-07-25T14:45:14Z,2026-07-25,14,4676,merged,1,1,,,,,,,,
